CATEGORIES,COLOR,Sum of MAX,METRIC,TEAM,TOURNAMENT,URL LOGO,Sum of VALUE
ATTACK,#00CF00,100,BALL POSSESSION %,Algeria,FIFA WORLD CUP,https://static.flashscore.com/res/image/data/A9ccQtU0-YFbDUeTh.png,60.6
ATTACK,#00CF00,100,BALL POSSESSION %,Belgium,FIFA WORLD CUP,https://static.flashscore.com/res/image/data/AqUnTDAN-dtrVaP64.png,58.03
ATTACK,#00CF00,100,BALL POSSESSION %,Cabo Verde,FIFA WORLD CUP,https://static.flashscore.com/res/image/data/vRSce5lC-GvK8wiCN.png,39.95
ATTACK,#00CF00,100,BALL POSSESSION %,Canada,FIFA WORLD CUP,https://static.flashscore.com/res/image/data/0U0WjVkl-EqLGVN18.png,60.83
ATTACK,#00CF00,100,BALL POSSESSION %,Colombia,FIFA WORLD CUP,https://static.flashscore.com/res/image/data/Y70aXOTH-C6kVdO5F.png,62.980000000000004
ATTACK,#00CF00,100,BALL POSSESSION %,Ecuador,FIFA WORLD CUP,https://static.flashscore.com/res/image/data/nun1o8jC-IPF97VQ3.png,56.66
ATTACK,#00CF00,100,BALL POSSESSION %,Egypt,FIFA WORLD CUP,https://static.flashscore.com/res/image/data/SKagcEU0-tY1cOGyQ.png,51.89
ATTACK,#00CF00,100,BALL POSSESSION %,Panama,FIFA WORLD CUP,https://static.flashscore.com/res/image/data/WYjftaA6-6yXdouA1.png,52.66
ATTACK,#00CF00,100,BALL POSSESSION %,Senegal,FIFA WORLD CUP,https://static.flashscore.com/res/image/data/xORbTVT0-lQcLqf4g.png,56.120000000000005
ATTACK,#00CF00,100,BALL POSSESSION %,Turkey,FIFA WORLD CUP,https://static.flashscore.com/res/image/data/OIr3e18k-Cfuwb3yH.png,64.22
ATTACK,#00CF00,100,BALL POSSESSION %,United States,FIFA WORLD CUP,https://static.flashscore.com/res/image/data/xfxMId8k-MPdHoKT3.png,59.870000000000005
ATTACK,#00CF00,100,BALL POSSESSION %,Uruguay,FIFA WORLD CUP,https://static.flashscore.com/res/image/data/pvtmslhT-WdZ4jMrq.png,56.59
ATTACK,#00CF00,150,BALL POSSESSION COUNT,Algeria,FIFA WORLD CUP,https://static.flashscore.com/res/image/data/A9ccQtU0-YFbDUeTh.png,95
ATTACK,#00CF00,150,BALL POSSESSION COUNT,Belgium,FIFA WORLD CUP,https://static.flashscore.com/res/image/data/AqUnTDAN-dtrVaP64.png,94.33
ATTACK,#00CF00,150,BALL POSSESSION COUNT,Cabo Verde,FIFA WORLD CUP,https://static.flashscore.com/res/image/data/vRSce5lC-GvK8wiCN.png,100.67
ATTACK,#00CF00,150,BALL POSSESSION COUNT,Canada,FIFA WORLD CUP,https://static.flashscore.com/res/image/data/0U0WjVkl-EqLGVN18.png,108
ATTACK,#00CF00,150,BALL POSSESSION COUNT,Colombia,FIFA WORLD CUP,https://static.flashscore.com/res/image/data/Y70aXOTH-C6kVdO5F.png,96
ATTACK,#00CF00,150,BALL POSSESSION COUNT,Ecuador,FIFA WORLD CUP,https://static.flashscore.com/res/image/data/nun1o8jC-IPF97VQ3.png,96
ATTACK,#00CF00,150,BALL POSSESSION COUNT,Egypt,FIFA WORLD CUP,https://static.flashscore.com/res/image/data/SKagcEU0-tY1cOGyQ.png,99
ATTACK,#00CF00,150,BALL POSSESSION COUNT,Panama,FIFA WORLD CUP,https://static.flashscore.com/res/image/data/WYjftaA6-6yXdouA1.png,96.5
ATTACK,#00CF00,150,BALL POSSESSION COUNT,Senegal,FIFA WORLD CUP,https://static.flashscore.com/res/image/data/xORbTVT0-lQcLqf4g.png,96.33
ATTACK,#00CF00,150,BALL POSSESSION COUNT,Turkey,FIFA WORLD CUP,https://static.flashscore.com/res/image/data/OIr3e18k-Cfuwb3yH.png,107
ATTACK,#00CF00,150,BALL POSSESSION COUNT,United States,FIFA WORLD CUP,https://static.flashscore.com/res/image/data/xfxMId8k-MPdHoKT3.png,102
ATTACK,#00CF00,150,BALL POSSESSION COUNT,Uruguay,FIFA WORLD CUP,https://static.flashscore.com/res/image/data/pvtmslhT-WdZ4jMrq.png,101
ATTACK,#00CF00,100,"CENTRAL ATTACK WITH SHOTS, %",Algeria,FIFA WORLD CUP,https://static.flashscore.com/res/image/data/A9ccQtU0-YFbDUeTh.png,13.639999999999999
ATTACK,#00CF00,100,"CENTRAL ATTACK WITH SHOTS, %",Belgium,FIFA WORLD CUP,https://static.flashscore.com/res/image/data/AqUnTDAN-dtrVaP64.png,23.61
ATTACK,#00CF00,100,"CENTRAL ATTACK WITH SHOTS, %",Cabo Verde,FIFA WORLD CUP,https://static.flashscore.com/res/image/data/vRSce5lC-GvK8wiCN.png,15.790000000000001
ATTACK,#00CF00,100,"CENTRAL ATTACK WITH SHOTS, %",Canada,FIFA WORLD CUP,https://static.flashscore.com/res/image/data/0U0WjVkl-EqLGVN18.png,19.67
ATTACK,#00CF00,100,"CENTRAL ATTACK WITH SHOTS, %",Colombia,FIFA WORLD CUP,https://static.flashscore.com/res/image/data/Y70aXOTH-C6kVdO5F.png,26.090000000000003
ATTACK,#00CF00,100,"CENTRAL ATTACK WITH SHOTS, %",Ecuador,FIFA WORLD CUP,https://static.flashscore.com/res/image/data/nun1o8jC-IPF97VQ3.png,19.18
ATTACK,#00CF00,100,"CENTRAL ATTACK WITH SHOTS, %",Egypt,FIFA WORLD CUP,https://static.flashscore.com/res/image/data/SKagcEU0-tY1cOGyQ.png,19.15
ATTACK,#00CF00,100,"CENTRAL ATTACK WITH SHOTS, %",Panama,FIFA WORLD CUP,https://static.flashscore.com/res/image/data/WYjftaA6-6yXdouA1.png,7.41
ATTACK,#00CF00,100,"CENTRAL ATTACK WITH SHOTS, %",Senegal,FIFA WORLD CUP,https://static.flashscore.com/res/image/data/xORbTVT0-lQcLqf4g.png,24.529999999999998
ATTACK,#00CF00,100,"CENTRAL ATTACK WITH SHOTS, %",Turkey,FIFA WORLD CUP,https://static.flashscore.com/res/image/data/OIr3e18k-Cfuwb3yH.png,24.560000000000002
ATTACK,#00CF00,100,"CENTRAL ATTACK WITH SHOTS, %",United States,FIFA WORLD CUP,https://static.flashscore.com/res/image/data/xfxMId8k-MPdHoKT3.png,12.120000000000001
ATTACK,#00CF00,100,"CENTRAL ATTACK WITH SHOTS, %",Uruguay,FIFA WORLD CUP,https://static.flashscore.com/res/image/data/pvtmslhT-WdZ4jMrq.png,17.54
ATTACK,#00CF00,100,CHANCES CREATED,Algeria,FIFA WORLD CUP,https://static.flashscore.com/res/image/data/A9ccQtU0-YFbDUeTh.png,5
ATTACK,#00CF00,100,CHANCES CREATED,Belgium,FIFA WORLD CUP,https://static.flashscore.com/res/image/data/AqUnTDAN-dtrVaP64.png,10
ATTACK,#00CF00,100,CHANCES CREATED,Cabo Verde,FIFA WORLD CUP,https://static.flashscore.com/res/image/data/vRSce5lC-GvK8wiCN.png,2
ATTACK,#00CF00,100,CHANCES CREATED,Canada,FIFA WORLD CUP,https://static.flashscore.com/res/image/data/0U0WjVkl-EqLGVN18.png,8.67
ATTACK,#00CF00,100,CHANCES CREATED,Colombia,FIFA WORLD CUP,https://static.flashscore.com/res/image/data/Y70aXOTH-C6kVdO5F.png,4.5
ATTACK,#00CF00,100,CHANCES CREATED,Ecuador,FIFA WORLD CUP,https://static.flashscore.com/res/image/data/nun1o8jC-IPF97VQ3.png,7.33
ATTACK,#00CF00,100,CHANCES CREATED,Egypt,FIFA WORLD CUP,https://static.flashscore.com/res/image/data/SKagcEU0-tY1cOGyQ.png,5.67
ATTACK,#00CF00,100,CHANCES CREATED,Panama,FIFA WORLD CUP,https://static.flashscore.com/res/image/data/WYjftaA6-6yXdouA1.png,3
ATTACK,#00CF00,100,CHANCES CREATED,Senegal,FIFA WORLD CUP,https://static.flashscore.com/res/image/data/xORbTVT0-lQcLqf4g.png,8.33
ATTACK,#00CF00,100,CHANCES CREATED,Turkey,FIFA WORLD CUP,https://static.flashscore.com/res/image/data/OIr3e18k-Cfuwb3yH.png,8.67
ATTACK,#00CF00,100,CHANCES CREATED,United States,FIFA WORLD CUP,https://static.flashscore.com/res/image/data/xfxMId8k-MPdHoKT3.png,9.33
ATTACK,#00CF00,100,CHANCES CREATED,Uruguay,FIFA WORLD CUP,https://static.flashscore.com/res/image/data/pvtmslhT-WdZ4jMrq.png,6.67
ATTACK,#00CF00,100,"CHANCES SUCCESSFUL, %",Algeria,FIFA WORLD CUP,https://static.flashscore.com/res/image/data/A9ccQtU0-YFbDUeTh.png,20
ATTACK,#00CF00,100,"CHANCES SUCCESSFUL, %",Belgium,FIFA WORLD CUP,https://static.flashscore.com/res/image/data/AqUnTDAN-dtrVaP64.png,20
ATTACK,#00CF00,100,"CHANCES SUCCESSFUL, %",Cabo Verde,FIFA WORLD CUP,https://static.flashscore.com/res/image/data/vRSce5lC-GvK8wiCN.png,33.33
ATTACK,#00CF00,100,"CHANCES SUCCESSFUL, %",Canada,FIFA WORLD CUP,https://static.flashscore.com/res/image/data/0U0WjVkl-EqLGVN18.png,30.769999999999996
ATTACK,#00CF00,100,"CHANCES SUCCESSFUL, %",Colombia,FIFA WORLD CUP,https://static.flashscore.com/res/image/data/Y70aXOTH-C6kVdO5F.png,44.440000000000005
ATTACK,#00CF00,100,"CHANCES SUCCESSFUL, %",Ecuador,FIFA WORLD CUP,https://static.flashscore.com/res/image/data/nun1o8jC-IPF97VQ3.png,9.09
ATTACK,#00CF00,100,"CHANCES SUCCESSFUL, %",Egypt,FIFA WORLD CUP,https://static.flashscore.com/res/image/data/SKagcEU0-tY1cOGyQ.png,29.409999999999997
ATTACK,#00CF00,100,"CHANCES SUCCESSFUL, %",Panama,FIFA WORLD CUP,https://static.flashscore.com/res/image/data/WYjftaA6-6yXdouA1.png,0
ATTACK,#00CF00,100,"CHANCES SUCCESSFUL, %",Senegal,FIFA WORLD CUP,https://static.flashscore.com/res/image/data/xORbTVT0-lQcLqf4g.png,32
ATTACK,#00CF00,100,"CHANCES SUCCESSFUL, %",Turkey,FIFA WORLD CUP,https://static.flashscore.com/res/image/data/OIr3e18k-Cfuwb3yH.png,11.540000000000001
ATTACK,#00CF00,100,"CHANCES SUCCESSFUL, %",United States,FIFA WORLD CUP,https://static.flashscore.com/res/image/data/xfxMId8k-MPdHoKT3.png,28.57
ATTACK,#00CF00,100,"CHANCES SUCCESSFUL, %",Uruguay,FIFA WORLD CUP,https://static.flashscore.com/res/image/data/pvtmslhT-WdZ4jMrq.png,15
ATTACK,#00CF00,100,"COUNTERATTACKS WITH SHOTS, %",Algeria,FIFA WORLD CUP,https://static.flashscore.com/res/image/data/A9ccQtU0-YFbDUeTh.png,0
ATTACK,#00CF00,100,"COUNTERATTACKS WITH SHOTS, %",Belgium,FIFA WORLD CUP,https://static.flashscore.com/res/image/data/AqUnTDAN-dtrVaP64.png,21.21
ATTACK,#00CF00,100,"COUNTERATTACKS WITH SHOTS, %",Cabo Verde,FIFA WORLD CUP,https://static.flashscore.com/res/image/data/vRSce5lC-GvK8wiCN.png,23.53
ATTACK,#00CF00,100,"COUNTERATTACKS WITH SHOTS, %",Canada,FIFA WORLD CUP,https://static.flashscore.com/res/image/data/0U0WjVkl-EqLGVN18.png,15.620000000000001
ATTACK,#00CF00,100,"COUNTERATTACKS WITH SHOTS, %",Colombia,FIFA WORLD CUP,https://static.flashscore.com/res/image/data/Y70aXOTH-C6kVdO5F.png,18.18
ATTACK,#00CF00,100,"COUNTERATTACKS WITH SHOTS, %",Ecuador,FIFA WORLD CUP,https://static.flashscore.com/res/image/data/nun1o8jC-IPF97VQ3.png,17.5
ATTACK,#00CF00,100,"COUNTERATTACKS WITH SHOTS, %",Egypt,FIFA WORLD CUP,https://static.flashscore.com/res/image/data/SKagcEU0-tY1cOGyQ.png,17.95
ATTACK,#00CF00,100,"COUNTERATTACKS WITH SHOTS, %",Panama,FIFA WORLD CUP,https://static.flashscore.com/res/image/data/WYjftaA6-6yXdouA1.png,10
ATTACK,#00CF00,100,"COUNTERATTACKS WITH SHOTS, %",Senegal,FIFA WORLD CUP,https://static.flashscore.com/res/image/data/xORbTVT0-lQcLqf4g.png,24.14
ATTACK,#00CF00,100,"COUNTERATTACKS WITH SHOTS, %",Turkey,FIFA WORLD CUP,https://static.flashscore.com/res/image/data/OIr3e18k-Cfuwb3yH.png,19.35
ATTACK,#00CF00,100,"COUNTERATTACKS WITH SHOTS, %",United States,FIFA WORLD CUP,https://static.flashscore.com/res/image/data/xfxMId8k-MPdHoKT3.png,18.18
ATTACK,#00CF00,100,"COUNTERATTACKS WITH SHOTS, %",Uruguay,FIFA WORLD CUP,https://static.flashscore.com/res/image/data/pvtmslhT-WdZ4jMrq.png,13.889999999999999
ATTACK,#00CF00,100,"LEFT ATTACKS WITH SHOTS, %",Algeria,FIFA WORLD CUP,https://static.flashscore.com/res/image/data/A9ccQtU0-YFbDUeTh.png,3.85
ATTACK,#00CF00,100,"LEFT ATTACKS WITH SHOTS, %",Belgium,FIFA WORLD CUP,https://static.flashscore.com/res/image/data/AqUnTDAN-dtrVaP64.png,23.53
ATTACK,#00CF00,100,"LEFT ATTACKS WITH SHOTS, %",Cabo Verde,FIFA WORLD CUP,https://static.flashscore.com/res/image/data/vRSce5lC-GvK8wiCN.png,13.11
ATTACK,#00CF00,100,"LEFT ATTACKS WITH SHOTS, %",Canada,FIFA WORLD CUP,https://static.flashscore.com/res/image/data/0U0WjVkl-EqLGVN18.png,12.22
ATTACK,#00CF00,100,"LEFT ATTACKS WITH SHOTS, %",Colombia,FIFA WORLD CUP,https://static.flashscore.com/res/image/data/Y70aXOTH-C6kVdO5F.png,6.559999999999999
ATTACK,#00CF00,100,"LEFT ATTACKS WITH SHOTS, %",Ecuador,FIFA WORLD CUP,https://static.flashscore.com/res/image/data/nun1o8jC-IPF97VQ3.png,12.36
ATTACK,#00CF00,100,"LEFT ATTACKS WITH SHOTS, %",Egypt,FIFA WORLD CUP,https://static.flashscore.com/res/image/data/SKagcEU0-tY1cOGyQ.png,15.659999999999998
ATTACK,#00CF00,100,"LEFT ATTACKS WITH SHOTS, %",Panama,FIFA WORLD CUP,https://static.flashscore.com/res/image/data/WYjftaA6-6yXdouA1.png,6.35
ATTACK,#00CF00,100,"LEFT ATTACKS WITH SHOTS, %",Senegal,FIFA WORLD CUP,https://static.flashscore.com/res/image/data/xORbTVT0-lQcLqf4g.png,12.5
ATTACK,#00CF00,100,"LEFT ATTACKS WITH SHOTS, %",Turkey,FIFA WORLD CUP,https://static.flashscore.com/res/image/data/OIr3e18k-Cfuwb3yH.png,22.32
ATTACK,#00CF00,100,"LEFT ATTACKS WITH SHOTS, %",United States,FIFA WORLD CUP,https://static.flashscore.com/res/image/data/xfxMId8k-MPdHoKT3.png,5.489999999999999
ATTACK,#00CF00,100,"LEFT ATTACKS WITH SHOTS, %",Uruguay,FIFA WORLD CUP,https://static.flashscore.com/res/image/data/pvtmslhT-WdZ4jMrq.png,12.5
ATTACK,#00CF00,100,OPPONENT'S BOX ENTRIES,Algeria,FIFA WORLD CUP,https://static.flashscore.com/res/image/data/A9ccQtU0-YFbDUeTh.png,15.5
ATTACK,#00CF00,100,OPPONENT'S BOX ENTRIES,Belgium,FIFA WORLD CUP,https://static.flashscore.com/res/image/data/AqUnTDAN-dtrVaP64.png,27
ATTACK,#00CF00,100,OPPONENT'S BOX ENTRIES,Cabo Verde,FIFA WORLD CUP,https://static.flashscore.com/res/image/data/vRSce5lC-GvK8wiCN.png,8.67
ATTACK,#00CF00,100,OPPONENT'S BOX ENTRIES,Canada,FIFA WORLD CUP,https://static.flashscore.com/res/image/data/0U0WjVkl-EqLGVN18.png,29.67
ATTACK,#00CF00,100,OPPONENT'S BOX ENTRIES,Colombia,FIFA WORLD CUP,https://static.flashscore.com/res/image/data/Y70aXOTH-C6kVdO5F.png,15.5
ATTACK,#00CF00,100,OPPONENT'S BOX ENTRIES,Ecuador,FIFA WORLD CUP,https://static.flashscore.com/res/image/data/nun1o8jC-IPF97VQ3.png,17
ATTACK,#00CF00,100,OPPONENT'S BOX ENTRIES,Egypt,FIFA WORLD CUP,https://static.flashscore.com/res/image/data/SKagcEU0-tY1cOGyQ.png,17
ATTACK,#00CF00,100,OPPONENT'S BOX ENTRIES,Panama,FIFA WORLD CUP,https://static.flashscore.com/res/image/data/WYjftaA6-6yXdouA1.png,15
ATTACK,#00CF00,100,OPPONENT'S BOX ENTRIES,Senegal,FIFA WORLD CUP,https://static.flashscore.com/res/image/data/xORbTVT0-lQcLqf4g.png,21.33
ATTACK,#00CF00,100,OPPONENT'S BOX ENTRIES,Turkey,FIFA WORLD CUP,https://static.flashscore.com/res/image/data/OIr3e18k-Cfuwb3yH.png,26
ATTACK,#00CF00,100,OPPONENT'S BOX ENTRIES,United States,FIFA WORLD CUP,https://static.flashscore.com/res/image/data/xfxMId8k-MPdHoKT3.png,24.67
ATTACK,#00CF00,100,OPPONENT'S BOX ENTRIES,Uruguay,FIFA WORLD CUP,https://static.flashscore.com/res/image/data/pvtmslhT-WdZ4jMrq.png,21.67
ATTACK,#00CF00,100,OPPONENT'S HALF ENTRIES,Algeria,FIFA WORLD CUP,https://static.flashscore.com/res/image/data/A9ccQtU0-YFbDUeTh.png,68
ATTACK,#00CF00,100,OPPONENT'S HALF ENTRIES,Belgium,FIFA WORLD CUP,https://static.flashscore.com/res/image/data/AqUnTDAN-dtrVaP64.png,66.67
ATTACK,#00CF00,100,OPPONENT'S HALF ENTRIES,Cabo Verde,FIFA WORLD CUP,https://static.flashscore.com/res/image/data/vRSce5lC-GvK8wiCN.png,37.67
ATTACK,#00CF00,100,OPPONENT'S HALF ENTRIES,Canada,FIFA WORLD CUP,https://static.flashscore.com/res/image/data/0U0WjVkl-EqLGVN18.png,76.67
ATTACK,#00CF00,100,OPPONENT'S HALF ENTRIES,Colombia,FIFA WORLD CUP,https://static.flashscore.com/res/image/data/Y70aXOTH-C6kVdO5F.png,55.5
ATTACK,#00CF00,100,OPPONENT'S HALF ENTRIES,Ecuador,FIFA WORLD CUP,https://static.flashscore.com/res/image/data/nun1o8jC-IPF97VQ3.png,60
ATTACK,#00CF00,100,OPPONENT'S HALF ENTRIES,Egypt,FIFA WORLD CUP,https://static.flashscore.com/res/image/data/SKagcEU0-tY1cOGyQ.png,57.67
ATTACK,#00CF00,100,OPPONENT'S HALF ENTRIES,Panama,FIFA WORLD CUP,https://static.flashscore.com/res/image/data/WYjftaA6-6yXdouA1.png,57
ATTACK,#00CF00,100,OPPONENT'S HALF ENTRIES,Senegal,FIFA WORLD CUP,https://static.flashscore.com/res/image/data/xORbTVT0-lQcLqf4g.png,66.33
ATTACK,#00CF00,100,OPPONENT'S HALF ENTRIES,Turkey,FIFA WORLD CUP,https://static.flashscore.com/res/image/data/OIr3e18k-Cfuwb3yH.png,76
ATTACK,#00CF00,100,OPPONENT'S HALF ENTRIES,United States,FIFA WORLD CUP,https://static.flashscore.com/res/image/data/xfxMId8k-MPdHoKT3.png,63.67
ATTACK,#00CF00,100,OPPONENT'S HALF ENTRIES,Uruguay,FIFA WORLD CUP,https://static.flashscore.com/res/image/data/pvtmslhT-WdZ4jMrq.png,71.33
ATTACK,#00CF00,100,"POSITIONAL ATTACKS WITH SHOTS, %",Algeria,FIFA WORLD CUP,https://static.flashscore.com/res/image/data/A9ccQtU0-YFbDUeTh.png,9.86
ATTACK,#00CF00,100,"POSITIONAL ATTACKS WITH SHOTS, %",Belgium,FIFA WORLD CUP,https://static.flashscore.com/res/image/data/AqUnTDAN-dtrVaP64.png,21.63
ATTACK,#00CF00,100,"POSITIONAL ATTACKS WITH SHOTS, %",Cabo Verde,FIFA WORLD CUP,https://static.flashscore.com/res/image/data/vRSce5lC-GvK8wiCN.png,12.4
ATTACK,#00CF00,100,"POSITIONAL ATTACKS WITH SHOTS, %",Canada,FIFA WORLD CUP,https://static.flashscore.com/res/image/data/0U0WjVkl-EqLGVN18.png,12.139999999999999
ATTACK,#00CF00,100,"POSITIONAL ATTACKS WITH SHOTS, %",Colombia,FIFA WORLD CUP,https://static.flashscore.com/res/image/data/Y70aXOTH-C6kVdO5F.png,13.389999999999999
ATTACK,#00CF00,100,"POSITIONAL ATTACKS WITH SHOTS, %",Ecuador,FIFA WORLD CUP,https://static.flashscore.com/res/image/data/nun1o8jC-IPF97VQ3.png,14.75
ATTACK,#00CF00,100,"POSITIONAL ATTACKS WITH SHOTS, %",Egypt,FIFA WORLD CUP,https://static.flashscore.com/res/image/data/SKagcEU0-tY1cOGyQ.png,15.73
ATTACK,#00CF00,100,"POSITIONAL ATTACKS WITH SHOTS, %",Panama,FIFA WORLD CUP,https://static.flashscore.com/res/image/data/WYjftaA6-6yXdouA1.png,9.02
ATTACK,#00CF00,100,"POSITIONAL ATTACKS WITH SHOTS, %",Senegal,FIFA WORLD CUP,https://static.flashscore.com/res/image/data/xORbTVT0-lQcLqf4g.png,14.05
ATTACK,#00CF00,100,"POSITIONAL ATTACKS WITH SHOTS, %",Turkey,FIFA WORLD CUP,https://static.flashscore.com/res/image/data/OIr3e18k-Cfuwb3yH.png,19.830000000000002
ATTACK,#00CF00,100,"POSITIONAL ATTACKS WITH SHOTS, %",United States,FIFA WORLD CUP,https://static.flashscore.com/res/image/data/xfxMId8k-MPdHoKT3.png,9.33
ATTACK,#00CF00,100,"POSITIONAL ATTACKS WITH SHOTS, %",Uruguay,FIFA WORLD CUP,https://static.flashscore.com/res/image/data/pvtmslhT-WdZ4jMrq.png,11.5
ATTACK,#00CF00,100,"RIGHT ATTACKS WITH SHOTS, %",Algeria,FIFA WORLD CUP,https://static.flashscore.com/res/image/data/A9ccQtU0-YFbDUeTh.png,10.71
ATTACK,#00CF00,100,"RIGHT ATTACKS WITH SHOTS, %",Belgium,FIFA WORLD CUP,https://static.flashscore.com/res/image/data/AqUnTDAN-dtrVaP64.png,17.86
ATTACK,#00CF00,100,"RIGHT ATTACKS WITH SHOTS, %",Cabo Verde,FIFA WORLD CUP,https://static.flashscore.com/res/image/data/vRSce5lC-GvK8wiCN.png,15.559999999999999
ATTACK,#00CF00,100,"RIGHT ATTACKS WITH SHOTS, %",Canada,FIFA WORLD CUP,https://static.flashscore.com/res/image/data/0U0WjVkl-EqLGVN18.png,8.05
ATTACK,#00CF00,100,"RIGHT ATTACKS WITH SHOTS, %",Colombia,FIFA WORLD CUP,https://static.flashscore.com/res/image/data/Y70aXOTH-C6kVdO5F.png,11.899999999999999
ATTACK,#00CF00,100,"RIGHT ATTACKS WITH SHOTS, %",Ecuador,FIFA WORLD CUP,https://static.flashscore.com/res/image/data/nun1o8jC-IPF97VQ3.png,14.75
ATTACK,#00CF00,100,"RIGHT ATTACKS WITH SHOTS, %",Egypt,FIFA WORLD CUP,https://static.flashscore.com/res/image/data/SKagcEU0-tY1cOGyQ.png,14.940000000000001
ATTACK,#00CF00,100,"RIGHT ATTACKS WITH SHOTS, %",Panama,FIFA WORLD CUP,https://static.flashscore.com/res/image/data/WYjftaA6-6yXdouA1.png,13.459999999999999
ATTACK,#00CF00,100,"RIGHT ATTACKS WITH SHOTS, %",Senegal,FIFA WORLD CUP,https://static.flashscore.com/res/image/data/xORbTVT0-lQcLqf4g.png,12.35
ATTACK,#00CF00,100,"RIGHT ATTACKS WITH SHOTS, %",Turkey,FIFA WORLD CUP,https://static.flashscore.com/res/image/data/OIr3e18k-Cfuwb3yH.png,14.42
ATTACK,#00CF00,100,"RIGHT ATTACKS WITH SHOTS, %",United States,FIFA WORLD CUP,https://static.flashscore.com/res/image/data/xfxMId8k-MPdHoKT3.png,15.939999999999998
ATTACK,#00CF00,100,"RIGHT ATTACKS WITH SHOTS, %",Uruguay,FIFA WORLD CUP,https://static.flashscore.com/res/image/data/pvtmslhT-WdZ4jMrq.png,7.690000000000001
ATTACK,#00CF00,100,SHOTS,Algeria,FIFA WORLD CUP,https://static.flashscore.com/res/image/data/A9ccQtU0-YFbDUeTh.png,12
ATTACK,#00CF00,100,SHOTS,Belgium,FIFA WORLD CUP,https://static.flashscore.com/res/image/data/AqUnTDAN-dtrVaP64.png,22.67
ATTACK,#00CF00,100,SHOTS,Cabo Verde,FIFA WORLD CUP,https://static.flashscore.com/res/image/data/vRSce5lC-GvK8wiCN.png,10
ATTACK,#00CF00,100,SHOTS,Canada,FIFA WORLD CUP,https://static.flashscore.com/res/image/data/0U0WjVkl-EqLGVN18.png,18
ATTACK,#00CF00,100,SHOTS,Colombia,FIFA WORLD CUP,https://static.flashscore.com/res/image/data/Y70aXOTH-C6kVdO5F.png,16
ATTACK,#00CF00,100,SHOTS,Ecuador,FIFA WORLD CUP,https://static.flashscore.com/res/image/data/nun1o8jC-IPF97VQ3.png,14.67
ATTACK,#00CF00,100,SHOTS,Egypt,FIFA WORLD CUP,https://static.flashscore.com/res/image/data/SKagcEU0-tY1cOGyQ.png,15.33
ATTACK,#00CF00,100,SHOTS,Panama,FIFA WORLD CUP,https://static.flashscore.com/res/image/data/WYjftaA6-6yXdouA1.png,8.5
ATTACK,#00CF00,100,SHOTS,Senegal,FIFA WORLD CUP,https://static.flashscore.com/res/image/data/xORbTVT0-lQcLqf4g.png,15.67
ATTACK,#00CF00,100,SHOTS,Turkey,FIFA WORLD CUP,https://static.flashscore.com/res/image/data/OIr3e18k-Cfuwb3yH.png,23.33
ATTACK,#00CF00,100,SHOTS,United States,FIFA WORLD CUP,https://static.flashscore.com/res/image/data/xfxMId8k-MPdHoKT3.png,14
ATTACK,#00CF00,100,SHOTS,Uruguay,FIFA WORLD CUP,https://static.flashscore.com/res/image/data/pvtmslhT-WdZ4jMrq.png,16
ATTACK,#00CF00,100,"SHOTS ON TARGET, %",Algeria,FIFA WORLD CUP,https://static.flashscore.com/res/image/data/A9ccQtU0-YFbDUeTh.png,37.5
ATTACK,#00CF00,100,"SHOTS ON TARGET, %",Belgium,FIFA WORLD CUP,https://static.flashscore.com/res/image/data/AqUnTDAN-dtrVaP64.png,29.409999999999997
ATTACK,#00CF00,100,"SHOTS ON TARGET, %",Cabo Verde,FIFA WORLD CUP,https://static.flashscore.com/res/image/data/vRSce5lC-GvK8wiCN.png,26.669999999999998
ATTACK,#00CF00,100,"SHOTS ON TARGET, %",Canada,FIFA WORLD CUP,https://static.flashscore.com/res/image/data/0U0WjVkl-EqLGVN18.png,48.15
ATTACK,#00CF00,100,"SHOTS ON TARGET, %",Colombia,FIFA WORLD CUP,https://static.flashscore.com/res/image/data/Y70aXOTH-C6kVdO5F.png,37.5
ATTACK,#00CF00,100,"SHOTS ON TARGET, %",Ecuador,FIFA WORLD CUP,https://static.flashscore.com/res/image/data/nun1o8jC-IPF97VQ3.png,47.73
ATTACK,#00CF00,100,"SHOTS ON TARGET, %",Egypt,FIFA WORLD CUP,https://static.flashscore.com/res/image/data/SKagcEU0-tY1cOGyQ.png,32.61
ATTACK,#00CF00,100,"SHOTS ON TARGET, %",Panama,FIFA WORLD CUP,https://static.flashscore.com/res/image/data/WYjftaA6-6yXdouA1.png,41.18
ATTACK,#00CF00,100,"SHOTS ON TARGET, %",Senegal,FIFA WORLD CUP,https://static.flashscore.com/res/image/data/xORbTVT0-lQcLqf4g.png,40.43
ATTACK,#00CF00,100,"SHOTS ON TARGET, %",Turkey,FIFA WORLD CUP,https://static.flashscore.com/res/image/data/OIr3e18k-Cfuwb3yH.png,27.139999999999997
ATTACK,#00CF00,100,"SHOTS ON TARGET, %",United States,FIFA WORLD CUP,https://static.flashscore.com/res/image/data/xfxMId8k-MPdHoKT3.png,42.86
ATTACK,#00CF00,100,"SHOTS ON TARGET, %",Uruguay,FIFA WORLD CUP,https://static.flashscore.com/res/image/data/pvtmslhT-WdZ4jMrq.png,39.58
BEHAVIOUR,#00CFD3,100,INDIVIDUAL BALL LOSSES,Algeria,FIFA WORLD CUP,https://static.flashscore.com/res/image/data/A9ccQtU0-YFbDUeTh.png,28
BEHAVIOUR,#00CFD3,100,INDIVIDUAL BALL LOSSES,Belgium,FIFA WORLD CUP,https://static.flashscore.com/res/image/data/AqUnTDAN-dtrVaP64.png,18
BEHAVIOUR,#00CFD3,100,INDIVIDUAL BALL LOSSES,Cabo Verde,FIFA WORLD CUP,https://static.flashscore.com/res/image/data/vRSce5lC-GvK8wiCN.png,28
BEHAVIOUR,#00CFD3,100,INDIVIDUAL BALL LOSSES,Canada,FIFA WORLD CUP,https://static.flashscore.com/res/image/data/0U0WjVkl-EqLGVN18.png,25.67
BEHAVIOUR,#00CFD3,100,INDIVIDUAL BALL LOSSES,Colombia,FIFA WORLD CUP,https://static.flashscore.com/res/image/data/Y70aXOTH-C6kVdO5F.png,22
BEHAVIOUR,#00CFD3,100,INDIVIDUAL BALL LOSSES,Ecuador,FIFA WORLD CUP,https://static.flashscore.com/res/image/data/nun1o8jC-IPF97VQ3.png,30.67
BEHAVIOUR,#00CFD3,100,INDIVIDUAL BALL LOSSES,Egypt,FIFA WORLD CUP,https://static.flashscore.com/res/image/data/SKagcEU0-tY1cOGyQ.png,24.33
BEHAVIOUR,#00CFD3,100,INDIVIDUAL BALL LOSSES,Panama,FIFA WORLD CUP,https://static.flashscore.com/res/image/data/WYjftaA6-6yXdouA1.png,27
BEHAVIOUR,#00CFD3,100,INDIVIDUAL BALL LOSSES,Senegal,FIFA WORLD CUP,https://static.flashscore.com/res/image/data/xORbTVT0-lQcLqf4g.png,26.67
BEHAVIOUR,#00CFD3,100,INDIVIDUAL BALL LOSSES,Turkey,FIFA WORLD CUP,https://static.flashscore.com/res/image/data/OIr3e18k-Cfuwb3yH.png,21
BEHAVIOUR,#00CFD3,100,INDIVIDUAL BALL LOSSES,United States,FIFA WORLD CUP,https://static.flashscore.com/res/image/data/xfxMId8k-MPdHoKT3.png,30.33
BEHAVIOUR,#00CFD3,100,INDIVIDUAL BALL LOSSES,Uruguay,FIFA WORLD CUP,https://static.flashscore.com/res/image/data/pvtmslhT-WdZ4jMrq.png,29.67
BEHAVIOUR,#00CFD3,100,LOST BALLS,Algeria,FIFA WORLD CUP,https://static.flashscore.com/res/image/data/A9ccQtU0-YFbDUeTh.png,58.5
BEHAVIOUR,#00CFD3,100,LOST BALLS,Belgium,FIFA WORLD CUP,https://static.flashscore.com/res/image/data/AqUnTDAN-dtrVaP64.png,49
BEHAVIOUR,#00CFD3,100,LOST BALLS,Cabo Verde,FIFA WORLD CUP,https://static.flashscore.com/res/image/data/vRSce5lC-GvK8wiCN.png,64
BEHAVIOUR,#00CFD3,100,LOST BALLS,Canada,FIFA WORLD CUP,https://static.flashscore.com/res/image/data/0U0WjVkl-EqLGVN18.png,57.33
BEHAVIOUR,#00CFD3,100,LOST BALLS,Colombia,FIFA WORLD CUP,https://static.flashscore.com/res/image/data/Y70aXOTH-C6kVdO5F.png,60
BEHAVIOUR,#00CFD3,100,LOST BALLS,Ecuador,FIFA WORLD CUP,https://static.flashscore.com/res/image/data/nun1o8jC-IPF97VQ3.png,62.33
BEHAVIOUR,#00CFD3,100,LOST BALLS,Egypt,FIFA WORLD CUP,https://static.flashscore.com/res/image/data/SKagcEU0-tY1cOGyQ.png,60
BEHAVIOUR,#00CFD3,100,LOST BALLS,Panama,FIFA WORLD CUP,https://static.flashscore.com/res/image/data/WYjftaA6-6yXdouA1.png,60
BEHAVIOUR,#00CFD3,100,LOST BALLS,Senegal,FIFA WORLD CUP,https://static.flashscore.com/res/image/data/xORbTVT0-lQcLqf4g.png,58.33
BEHAVIOUR,#00CFD3,100,LOST BALLS,Turkey,FIFA WORLD CUP,https://static.flashscore.com/res/image/data/OIr3e18k-Cfuwb3yH.png,59
BEHAVIOUR,#00CFD3,100,LOST BALLS,United States,FIFA WORLD CUP,https://static.flashscore.com/res/image/data/xfxMId8k-MPdHoKT3.png,61
BEHAVIOUR,#00CFD3,100,LOST BALLS,Uruguay,FIFA WORLD CUP,https://static.flashscore.com/res/image/data/pvtmslhT-WdZ4jMrq.png,62.67
BEHAVIOUR,#00CFD3,100,LOST BALLS AFTER PASSES,Algeria,FIFA WORLD CUP,https://static.flashscore.com/res/image/data/A9ccQtU0-YFbDUeTh.png,30.5
BEHAVIOUR,#00CFD3,100,LOST BALLS AFTER PASSES,Belgium,FIFA WORLD CUP,https://static.flashscore.com/res/image/data/AqUnTDAN-dtrVaP64.png,31
BEHAVIOUR,#00CFD3,100,LOST BALLS AFTER PASSES,Cabo Verde,FIFA WORLD CUP,https://static.flashscore.com/res/image/data/vRSce5lC-GvK8wiCN.png,36
BEHAVIOUR,#00CFD3,100,LOST BALLS AFTER PASSES,Canada,FIFA WORLD CUP,https://static.flashscore.com/res/image/data/0U0WjVkl-EqLGVN18.png,31.67
BEHAVIOUR,#00CFD3,100,LOST BALLS AFTER PASSES,Colombia,FIFA WORLD CUP,https://static.flashscore.com/res/image/data/Y70aXOTH-C6kVdO5F.png,38
BEHAVIOUR,#00CFD3,100,LOST BALLS AFTER PASSES,Ecuador,FIFA WORLD CUP,https://static.flashscore.com/res/image/data/nun1o8jC-IPF97VQ3.png,31.67
BEHAVIOUR,#00CFD3,100,LOST BALLS AFTER PASSES,Egypt,FIFA WORLD CUP,https://static.flashscore.com/res/image/data/SKagcEU0-tY1cOGyQ.png,35.67
BEHAVIOUR,#00CFD3,100,LOST BALLS AFTER PASSES,Panama,FIFA WORLD CUP,https://static.flashscore.com/res/image/data/WYjftaA6-6yXdouA1.png,33
BEHAVIOUR,#00CFD3,100,LOST BALLS AFTER PASSES,Senegal,FIFA WORLD CUP,https://static.flashscore.com/res/image/data/xORbTVT0-lQcLqf4g.png,31.67
BEHAVIOUR,#00CFD3,100,LOST BALLS AFTER PASSES,Turkey,FIFA WORLD CUP,https://static.flashscore.com/res/image/data/OIr3e18k-Cfuwb3yH.png,38
BEHAVIOUR,#00CFD3,100,LOST BALLS AFTER PASSES,United States,FIFA WORLD CUP,https://static.flashscore.com/res/image/data/xfxMId8k-MPdHoKT3.png,30.67
BEHAVIOUR,#00CFD3,100,LOST BALLS AFTER PASSES,Uruguay,FIFA WORLD CUP,https://static.flashscore.com/res/image/data/pvtmslhT-WdZ4jMrq.png,33
BEHAVIOUR,#00CFD3,100,LOST BALLS IN OWN HALF,Algeria,FIFA WORLD CUP,https://static.flashscore.com/res/image/data/A9ccQtU0-YFbDUeTh.png,8
BEHAVIOUR,#00CFD3,100,LOST BALLS IN OWN HALF,Belgium,FIFA WORLD CUP,https://static.flashscore.com/res/image/data/AqUnTDAN-dtrVaP64.png,7.67
BEHAVIOUR,#00CFD3,100,LOST BALLS IN OWN HALF,Cabo Verde,FIFA WORLD CUP,https://static.flashscore.com/res/image/data/vRSce5lC-GvK8wiCN.png,26
BEHAVIOUR,#00CFD3,100,LOST BALLS IN OWN HALF,Canada,FIFA WORLD CUP,https://static.flashscore.com/res/image/data/0U0WjVkl-EqLGVN18.png,8.33
BEHAVIOUR,#00CFD3,100,LOST BALLS IN OWN HALF,Colombia,FIFA WORLD CUP,https://static.flashscore.com/res/image/data/Y70aXOTH-C6kVdO5F.png,7
BEHAVIOUR,#00CFD3,100,LOST BALLS IN OWN HALF,Ecuador,FIFA WORLD CUP,https://static.flashscore.com/res/image/data/nun1o8jC-IPF97VQ3.png,11
BEHAVIOUR,#00CFD3,100,LOST BALLS IN OWN HALF,Egypt,FIFA WORLD CUP,https://static.flashscore.com/res/image/data/SKagcEU0-tY1cOGyQ.png,13.33
BEHAVIOUR,#00CFD3,100,LOST BALLS IN OWN HALF,Panama,FIFA WORLD CUP,https://static.flashscore.com/res/image/data/WYjftaA6-6yXdouA1.png,10.5
BEHAVIOUR,#00CFD3,100,LOST BALLS IN OWN HALF,Senegal,FIFA WORLD CUP,https://static.flashscore.com/res/image/data/xORbTVT0-lQcLqf4g.png,9.67
BEHAVIOUR,#00CFD3,100,LOST BALLS IN OWN HALF,Turkey,FIFA WORLD CUP,https://static.flashscore.com/res/image/data/OIr3e18k-Cfuwb3yH.png,9
BEHAVIOUR,#00CFD3,100,LOST BALLS IN OWN HALF,United States,FIFA WORLD CUP,https://static.flashscore.com/res/image/data/xfxMId8k-MPdHoKT3.png,15.33
BEHAVIOUR,#00CFD3,100,LOST BALLS IN OWN HALF,Uruguay,FIFA WORLD CUP,https://static.flashscore.com/res/image/data/pvtmslhT-WdZ4jMrq.png,8.33
DEFENDING,#00CFD3,100,BALL RECOVERIES,Algeria,FIFA WORLD CUP,https://static.flashscore.com/res/image/data/A9ccQtU0-YFbDUeTh.png,41.5
DEFENDING,#00CFD3,100,BALL RECOVERIES,Belgium,FIFA WORLD CUP,https://static.flashscore.com/res/image/data/AqUnTDAN-dtrVaP64.png,44.67
DEFENDING,#00CFD3,100,BALL RECOVERIES,Cabo Verde,FIFA WORLD CUP,https://static.flashscore.com/res/image/data/vRSce5lC-GvK8wiCN.png,54.67
DEFENDING,#00CFD3,100,BALL RECOVERIES,Canada,FIFA WORLD CUP,https://static.flashscore.com/res/image/data/0U0WjVkl-EqLGVN18.png,42.33
DEFENDING,#00CFD3,100,BALL RECOVERIES,Colombia,FIFA WORLD CUP,https://static.flashscore.com/res/image/data/Y70aXOTH-C6kVdO5F.png,44
DEFENDING,#00CFD3,100,BALL RECOVERIES,Ecuador,FIFA WORLD CUP,https://static.flashscore.com/res/image/data/nun1o8jC-IPF97VQ3.png,50.67
DEFENDING,#00CFD3,100,BALL RECOVERIES,Egypt,FIFA WORLD CUP,https://static.flashscore.com/res/image/data/SKagcEU0-tY1cOGyQ.png,46.33
DEFENDING,#00CFD3,100,BALL RECOVERIES,Panama,FIFA WORLD CUP,https://static.flashscore.com/res/image/data/WYjftaA6-6yXdouA1.png,49.5
DEFENDING,#00CFD3,100,BALL RECOVERIES,Senegal,FIFA WORLD CUP,https://static.flashscore.com/res/image/data/xORbTVT0-lQcLqf4g.png,46.33
DEFENDING,#00CFD3,100,BALL RECOVERIES,Turkey,FIFA WORLD CUP,https://static.flashscore.com/res/image/data/OIr3e18k-Cfuwb3yH.png,44
DEFENDING,#00CFD3,100,BALL RECOVERIES,United States,FIFA WORLD CUP,https://static.flashscore.com/res/image/data/xfxMId8k-MPdHoKT3.png,45
DEFENDING,#00CFD3,100,BALL RECOVERIES,Uruguay,FIFA WORLD CUP,https://static.flashscore.com/res/image/data/pvtmslhT-WdZ4jMrq.png,49.33
DEFENDING,#00CFD3,100,HIGH PRESSING,Algeria,FIFA WORLD CUP,https://static.flashscore.com/res/image/data/A9ccQtU0-YFbDUeTh.png,12.5
DEFENDING,#00CFD3,100,HIGH PRESSING,Belgium,FIFA WORLD CUP,https://static.flashscore.com/res/image/data/AqUnTDAN-dtrVaP64.png,8.33
DEFENDING,#00CFD3,100,HIGH PRESSING,Cabo Verde,FIFA WORLD CUP,https://static.flashscore.com/res/image/data/vRSce5lC-GvK8wiCN.png,5.67
DEFENDING,#00CFD3,100,HIGH PRESSING,Canada,FIFA WORLD CUP,https://static.flashscore.com/res/image/data/0U0WjVkl-EqLGVN18.png,8.67
DEFENDING,#00CFD3,100,HIGH PRESSING,Colombia,FIFA WORLD CUP,https://static.flashscore.com/res/image/data/Y70aXOTH-C6kVdO5F.png,8
DEFENDING,#00CFD3,100,HIGH PRESSING,Ecuador,FIFA WORLD CUP,https://static.flashscore.com/res/image/data/nun1o8jC-IPF97VQ3.png,9
DEFENDING,#00CFD3,100,HIGH PRESSING,Egypt,FIFA WORLD CUP,https://static.flashscore.com/res/image/data/SKagcEU0-tY1cOGyQ.png,6.67
DEFENDING,#00CFD3,100,HIGH PRESSING,Panama,FIFA WORLD CUP,https://static.flashscore.com/res/image/data/WYjftaA6-6yXdouA1.png,7
DEFENDING,#00CFD3,100,HIGH PRESSING,Senegal,FIFA WORLD CUP,https://static.flashscore.com/res/image/data/xORbTVT0-lQcLqf4g.png,10
DEFENDING,#00CFD3,100,HIGH PRESSING,Turkey,FIFA WORLD CUP,https://static.flashscore.com/res/image/data/OIr3e18k-Cfuwb3yH.png,7
DEFENDING,#00CFD3,100,HIGH PRESSING,United States,FIFA WORLD CUP,https://static.flashscore.com/res/image/data/xfxMId8k-MPdHoKT3.png,10
DEFENDING,#00CFD3,100,HIGH PRESSING,Uruguay,FIFA WORLD CUP,https://static.flashscore.com/res/image/data/pvtmslhT-WdZ4jMrq.png,13
DEFENDING,#00CFD3,100,"HIGH PRESSING SUCCESSFUL, %",Algeria,FIFA WORLD CUP,https://static.flashscore.com/res/image/data/A9ccQtU0-YFbDUeTh.png,60
DEFENDING,#00CFD3,100,"HIGH PRESSING SUCCESSFUL, %",Belgium,FIFA WORLD CUP,https://static.flashscore.com/res/image/data/AqUnTDAN-dtrVaP64.png,60
DEFENDING,#00CFD3,100,"HIGH PRESSING SUCCESSFUL, %",Cabo Verde,FIFA WORLD CUP,https://static.flashscore.com/res/image/data/vRSce5lC-GvK8wiCN.png,47.06
DEFENDING,#00CFD3,100,"HIGH PRESSING SUCCESSFUL, %",Canada,FIFA WORLD CUP,https://static.flashscore.com/res/image/data/0U0WjVkl-EqLGVN18.png,65.38
DEFENDING,#00CFD3,100,"HIGH PRESSING SUCCESSFUL, %",Colombia,FIFA WORLD CUP,https://static.flashscore.com/res/image/data/Y70aXOTH-C6kVdO5F.png,56.25
DEFENDING,#00CFD3,100,"HIGH PRESSING SUCCESSFUL, %",Ecuador,FIFA WORLD CUP,https://static.flashscore.com/res/image/data/nun1o8jC-IPF97VQ3.png,40.739999999999995
DEFENDING,#00CFD3,100,"HIGH PRESSING SUCCESSFUL, %",Egypt,FIFA WORLD CUP,https://static.flashscore.com/res/image/data/SKagcEU0-tY1cOGyQ.png,45
DEFENDING,#00CFD3,100,"HIGH PRESSING SUCCESSFUL, %",Panama,FIFA WORLD CUP,https://static.flashscore.com/res/image/data/WYjftaA6-6yXdouA1.png,28.57
DEFENDING,#00CFD3,100,"HIGH PRESSING SUCCESSFUL, %",Senegal,FIFA WORLD CUP,https://static.flashscore.com/res/image/data/xORbTVT0-lQcLqf4g.png,50
DEFENDING,#00CFD3,100,"HIGH PRESSING SUCCESSFUL, %",Turkey,FIFA WORLD CUP,https://static.flashscore.com/res/image/data/OIr3e18k-Cfuwb3yH.png,57.14
DEFENDING,#00CFD3,100,"HIGH PRESSING SUCCESSFUL, %",United States,FIFA WORLD CUP,https://static.flashscore.com/res/image/data/xfxMId8k-MPdHoKT3.png,53.33
DEFENDING,#00CFD3,100,"HIGH PRESSING SUCCESSFUL, %",Uruguay,FIFA WORLD CUP,https://static.flashscore.com/res/image/data/pvtmslhT-WdZ4jMrq.png,56.41
DEFENDING,#00CFD3,100,OPP HALF RECOVERIES LESS 10 SECOND  AFTER LOSSES,Algeria,FIFA WORLD CUP,https://static.flashscore.com/res/image/data/A9ccQtU0-YFbDUeTh.png,3
DEFENDING,#00CFD3,100,OPP HALF RECOVERIES LESS 10 SECOND  AFTER LOSSES,Belgium,FIFA WORLD CUP,https://static.flashscore.com/res/image/data/AqUnTDAN-dtrVaP64.png,3.33
DEFENDING,#00CFD3,100,OPP HALF RECOVERIES LESS 10 SECOND  AFTER LOSSES,Cabo Verde,FIFA WORLD CUP,https://static.flashscore.com/res/image/data/vRSce5lC-GvK8wiCN.png,1.33
DEFENDING,#00CFD3,100,OPP HALF RECOVERIES LESS 10 SECOND  AFTER LOSSES,Canada,FIFA WORLD CUP,https://static.flashscore.com/res/image/data/0U0WjVkl-EqLGVN18.png,3
DEFENDING,#00CFD3,100,OPP HALF RECOVERIES LESS 10 SECOND  AFTER LOSSES,Colombia,FIFA WORLD CUP,https://static.flashscore.com/res/image/data/Y70aXOTH-C6kVdO5F.png,2
DEFENDING,#00CFD3,100,OPP HALF RECOVERIES LESS 10 SECOND  AFTER LOSSES,Ecuador,FIFA WORLD CUP,https://static.flashscore.com/res/image/data/nun1o8jC-IPF97VQ3.png,4.33
DEFENDING,#00CFD3,100,OPP HALF RECOVERIES LESS 10 SECOND  AFTER LOSSES,Egypt,FIFA WORLD CUP,https://static.flashscore.com/res/image/data/SKagcEU0-tY1cOGyQ.png,3.67
DEFENDING,#00CFD3,100,OPP HALF RECOVERIES LESS 10 SECOND  AFTER LOSSES,Panama,FIFA WORLD CUP,https://static.flashscore.com/res/image/data/WYjftaA6-6yXdouA1.png,2
DEFENDING,#00CFD3,100,OPP HALF RECOVERIES LESS 10 SECOND  AFTER LOSSES,Senegal,FIFA WORLD CUP,https://static.flashscore.com/res/image/data/xORbTVT0-lQcLqf4g.png,4.33
DEFENDING,#00CFD3,100,OPP HALF RECOVERIES LESS 10 SECOND  AFTER LOSSES,Turkey,FIFA WORLD CUP,https://static.flashscore.com/res/image/data/OIr3e18k-Cfuwb3yH.png,3.67
DEFENDING,#00CFD3,100,OPP HALF RECOVERIES LESS 10 SECOND  AFTER LOSSES,United States,FIFA WORLD CUP,https://static.flashscore.com/res/image/data/xfxMId8k-MPdHoKT3.png,1
DEFENDING,#00CFD3,100,OPP HALF RECOVERIES LESS 10 SECOND  AFTER LOSSES,Uruguay,FIFA WORLD CUP,https://static.flashscore.com/res/image/data/pvtmslhT-WdZ4jMrq.png,6.67
DEFENDING,#00CFD3,100,RECOVERIES IN OPPONENT'S HALF,Algeria,FIFA WORLD CUP,https://static.flashscore.com/res/image/data/A9ccQtU0-YFbDUeTh.png,13
DEFENDING,#00CFD3,100,RECOVERIES IN OPPONENT'S HALF,Belgium,FIFA WORLD CUP,https://static.flashscore.com/res/image/data/AqUnTDAN-dtrVaP64.png,8.67
DEFENDING,#00CFD3,100,RECOVERIES IN OPPONENT'S HALF,Cabo Verde,FIFA WORLD CUP,https://static.flashscore.com/res/image/data/vRSce5lC-GvK8wiCN.png,7
DEFENDING,#00CFD3,100,RECOVERIES IN OPPONENT'S HALF,Canada,FIFA WORLD CUP,https://static.flashscore.com/res/image/data/0U0WjVkl-EqLGVN18.png,9
DEFENDING,#00CFD3,100,RECOVERIES IN OPPONENT'S HALF,Colombia,FIFA WORLD CUP,https://static.flashscore.com/res/image/data/Y70aXOTH-C6kVdO5F.png,8
DEFENDING,#00CFD3,100,RECOVERIES IN OPPONENT'S HALF,Ecuador,FIFA WORLD CUP,https://static.flashscore.com/res/image/data/nun1o8jC-IPF97VQ3.png,12.33
DEFENDING,#00CFD3,100,RECOVERIES IN OPPONENT'S HALF,Egypt,FIFA WORLD CUP,https://static.flashscore.com/res/image/data/SKagcEU0-tY1cOGyQ.png,8.33
DEFENDING,#00CFD3,100,RECOVERIES IN OPPONENT'S HALF,Panama,FIFA WORLD CUP,https://static.flashscore.com/res/image/data/WYjftaA6-6yXdouA1.png,9.5
DEFENDING,#00CFD3,100,RECOVERIES IN OPPONENT'S HALF,Senegal,FIFA WORLD CUP,https://static.flashscore.com/res/image/data/xORbTVT0-lQcLqf4g.png,14
DEFENDING,#00CFD3,100,RECOVERIES IN OPPONENT'S HALF,Turkey,FIFA WORLD CUP,https://static.flashscore.com/res/image/data/OIr3e18k-Cfuwb3yH.png,9.33
DEFENDING,#00CFD3,100,RECOVERIES IN OPPONENT'S HALF,United States,FIFA WORLD CUP,https://static.flashscore.com/res/image/data/xfxMId8k-MPdHoKT3.png,13
DEFENDING,#00CFD3,100,RECOVERIES IN OPPONENT'S HALF,Uruguay,FIFA WORLD CUP,https://static.flashscore.com/res/image/data/pvtmslhT-WdZ4jMrq.png,16.67
DEFENDING,#00CFD3,100,RECOVERIES LESS 10 SECOND  AFTER LOSSES,Algeria,FIFA WORLD CUP,https://static.flashscore.com/res/image/data/A9ccQtU0-YFbDUeTh.png,7.5
DEFENDING,#00CFD3,100,RECOVERIES LESS 10 SECOND  AFTER LOSSES,Belgium,FIFA WORLD CUP,https://static.flashscore.com/res/image/data/AqUnTDAN-dtrVaP64.png,5.67
DEFENDING,#00CFD3,100,RECOVERIES LESS 10 SECOND  AFTER LOSSES,Cabo Verde,FIFA WORLD CUP,https://static.flashscore.com/res/image/data/vRSce5lC-GvK8wiCN.png,10.67
DEFENDING,#00CFD3,100,RECOVERIES LESS 10 SECOND  AFTER LOSSES,Canada,FIFA WORLD CUP,https://static.flashscore.com/res/image/data/0U0WjVkl-EqLGVN18.png,7
DEFENDING,#00CFD3,100,RECOVERIES LESS 10 SECOND  AFTER LOSSES,Colombia,FIFA WORLD CUP,https://static.flashscore.com/res/image/data/Y70aXOTH-C6kVdO5F.png,8
DEFENDING,#00CFD3,100,RECOVERIES LESS 10 SECOND  AFTER LOSSES,Ecuador,FIFA WORLD CUP,https://static.flashscore.com/res/image/data/nun1o8jC-IPF97VQ3.png,9
DEFENDING,#00CFD3,100,RECOVERIES LESS 10 SECOND  AFTER LOSSES,Egypt,FIFA WORLD CUP,https://static.flashscore.com/res/image/data/SKagcEU0-tY1cOGyQ.png,11
DEFENDING,#00CFD3,100,RECOVERIES LESS 10 SECOND  AFTER LOSSES,Panama,FIFA WORLD CUP,https://static.flashscore.com/res/image/data/WYjftaA6-6yXdouA1.png,7.5
DEFENDING,#00CFD3,100,RECOVERIES LESS 10 SECOND  AFTER LOSSES,Senegal,FIFA WORLD CUP,https://static.flashscore.com/res/image/data/xORbTVT0-lQcLqf4g.png,7.33
DEFENDING,#00CFD3,100,RECOVERIES LESS 10 SECOND  AFTER LOSSES,Turkey,FIFA WORLD CUP,https://static.flashscore.com/res/image/data/OIr3e18k-Cfuwb3yH.png,7
DEFENDING,#00CFD3,100,RECOVERIES LESS 10 SECOND  AFTER LOSSES,United States,FIFA WORLD CUP,https://static.flashscore.com/res/image/data/xfxMId8k-MPdHoKT3.png,4.67
DEFENDING,#00CFD3,100,RECOVERIES LESS 10 SECOND  AFTER LOSSES,Uruguay,FIFA WORLD CUP,https://static.flashscore.com/res/image/data/pvtmslhT-WdZ4jMrq.png,12
DEFENDING,#00CFD3,100,TEAM PRESSING,Algeria,FIFA WORLD CUP,https://static.flashscore.com/res/image/data/A9ccQtU0-YFbDUeTh.png,19
DEFENDING,#00CFD3,100,TEAM PRESSING,Belgium,FIFA WORLD CUP,https://static.flashscore.com/res/image/data/AqUnTDAN-dtrVaP64.png,15
DEFENDING,#00CFD3,100,TEAM PRESSING,Cabo Verde,FIFA WORLD CUP,https://static.flashscore.com/res/image/data/vRSce5lC-GvK8wiCN.png,11.33
DEFENDING,#00CFD3,100,TEAM PRESSING,Canada,FIFA WORLD CUP,https://static.flashscore.com/res/image/data/0U0WjVkl-EqLGVN18.png,18.67
DEFENDING,#00CFD3,100,TEAM PRESSING,Colombia,FIFA WORLD CUP,https://static.flashscore.com/res/image/data/Y70aXOTH-C6kVdO5F.png,14.5
DEFENDING,#00CFD3,100,TEAM PRESSING,Ecuador,FIFA WORLD CUP,https://static.flashscore.com/res/image/data/nun1o8jC-IPF97VQ3.png,17
DEFENDING,#00CFD3,100,TEAM PRESSING,Egypt,FIFA WORLD CUP,https://static.flashscore.com/res/image/data/SKagcEU0-tY1cOGyQ.png,15.67
DEFENDING,#00CFD3,100,TEAM PRESSING,Panama,FIFA WORLD CUP,https://static.flashscore.com/res/image/data/WYjftaA6-6yXdouA1.png,16.5
DEFENDING,#00CFD3,100,TEAM PRESSING,Senegal,FIFA WORLD CUP,https://static.flashscore.com/res/image/data/xORbTVT0-lQcLqf4g.png,21
DEFENDING,#00CFD3,100,TEAM PRESSING,Turkey,FIFA WORLD CUP,https://static.flashscore.com/res/image/data/OIr3e18k-Cfuwb3yH.png,12.33
DEFENDING,#00CFD3,100,TEAM PRESSING,United States,FIFA WORLD CUP,https://static.flashscore.com/res/image/data/xfxMId8k-MPdHoKT3.png,21.33
DEFENDING,#00CFD3,100,TEAM PRESSING,Uruguay,FIFA WORLD CUP,https://static.flashscore.com/res/image/data/pvtmslhT-WdZ4jMrq.png,23.33
DEFENDING,#00CFD3,100,"TEAM PRESSING SUCCESSFUL, %",Algeria,FIFA WORLD CUP,https://static.flashscore.com/res/image/data/A9ccQtU0-YFbDUeTh.png,60.53000000000001
DEFENDING,#00CFD3,100,"TEAM PRESSING SUCCESSFUL, %",Belgium,FIFA WORLD CUP,https://static.flashscore.com/res/image/data/AqUnTDAN-dtrVaP64.png,48.89
DEFENDING,#00CFD3,100,"TEAM PRESSING SUCCESSFUL, %",Cabo Verde,FIFA WORLD CUP,https://static.flashscore.com/res/image/data/vRSce5lC-GvK8wiCN.png,41.18
DEFENDING,#00CFD3,100,"TEAM PRESSING SUCCESSFUL, %",Canada,FIFA WORLD CUP,https://static.flashscore.com/res/image/data/0U0WjVkl-EqLGVN18.png,53.57000000000001
DEFENDING,#00CFD3,100,"TEAM PRESSING SUCCESSFUL, %",Colombia,FIFA WORLD CUP,https://static.flashscore.com/res/image/data/Y70aXOTH-C6kVdO5F.png,62.07
DEFENDING,#00CFD3,100,"TEAM PRESSING SUCCESSFUL, %",Ecuador,FIFA WORLD CUP,https://static.flashscore.com/res/image/data/nun1o8jC-IPF97VQ3.png,43.14
DEFENDING,#00CFD3,100,"TEAM PRESSING SUCCESSFUL, %",Egypt,FIFA WORLD CUP,https://static.flashscore.com/res/image/data/SKagcEU0-tY1cOGyQ.png,38.3
DEFENDING,#00CFD3,100,"TEAM PRESSING SUCCESSFUL, %",Panama,FIFA WORLD CUP,https://static.flashscore.com/res/image/data/WYjftaA6-6yXdouA1.png,42.42
DEFENDING,#00CFD3,100,"TEAM PRESSING SUCCESSFUL, %",Senegal,FIFA WORLD CUP,https://static.flashscore.com/res/image/data/xORbTVT0-lQcLqf4g.png,49.21
DEFENDING,#00CFD3,100,"TEAM PRESSING SUCCESSFUL, %",Turkey,FIFA WORLD CUP,https://static.flashscore.com/res/image/data/OIr3e18k-Cfuwb3yH.png,54.05
DEFENDING,#00CFD3,100,"TEAM PRESSING SUCCESSFUL, %",United States,FIFA WORLD CUP,https://static.flashscore.com/res/image/data/xfxMId8k-MPdHoKT3.png,45.31000000000001
DEFENDING,#00CFD3,100,"TEAM PRESSING SUCCESSFUL, %",Uruguay,FIFA WORLD CUP,https://static.flashscore.com/res/image/data/pvtmslhT-WdZ4jMrq.png,48.57
DISTRIBUTIONS,#4ACFD3,100,CROSSES,Algeria,FIFA WORLD CUP,https://static.flashscore.com/res/image/data/A9ccQtU0-YFbDUeTh.png,7.5
DISTRIBUTIONS,#4ACFD3,100,CROSSES,Belgium,FIFA WORLD CUP,https://static.flashscore.com/res/image/data/AqUnTDAN-dtrVaP64.png,16.33
DISTRIBUTIONS,#4ACFD3,100,CROSSES,Cabo Verde,FIFA WORLD CUP,https://static.flashscore.com/res/image/data/vRSce5lC-GvK8wiCN.png,5.67
DISTRIBUTIONS,#4ACFD3,100,CROSSES,Canada,FIFA WORLD CUP,https://static.flashscore.com/res/image/data/0U0WjVkl-EqLGVN18.png,23
DISTRIBUTIONS,#4ACFD3,100,CROSSES,Colombia,FIFA WORLD CUP,https://static.flashscore.com/res/image/data/Y70aXOTH-C6kVdO5F.png,7.5
DISTRIBUTIONS,#4ACFD3,100,CROSSES,Ecuador,FIFA WORLD CUP,https://static.flashscore.com/res/image/data/nun1o8jC-IPF97VQ3.png,11
DISTRIBUTIONS,#4ACFD3,100,CROSSES,Egypt,FIFA WORLD CUP,https://static.flashscore.com/res/image/data/SKagcEU0-tY1cOGyQ.png,11.33
DISTRIBUTIONS,#4ACFD3,100,CROSSES,Panama,FIFA WORLD CUP,https://static.flashscore.com/res/image/data/WYjftaA6-6yXdouA1.png,21
DISTRIBUTIONS,#4ACFD3,100,CROSSES,Senegal,FIFA WORLD CUP,https://static.flashscore.com/res/image/data/xORbTVT0-lQcLqf4g.png,14
DISTRIBUTIONS,#4ACFD3,100,CROSSES,Turkey,FIFA WORLD CUP,https://static.flashscore.com/res/image/data/OIr3e18k-Cfuwb3yH.png,17.33
DISTRIBUTIONS,#4ACFD3,100,CROSSES,United States,FIFA WORLD CUP,https://static.flashscore.com/res/image/data/xfxMId8k-MPdHoKT3.png,10.33
DISTRIBUTIONS,#4ACFD3,100,CROSSES,Uruguay,FIFA WORLD CUP,https://static.flashscore.com/res/image/data/pvtmslhT-WdZ4jMrq.png,17.33
DISTRIBUTIONS,#4ACFD3,100,"CROSSES ACCURATE, %",Algeria,FIFA WORLD CUP,https://static.flashscore.com/res/image/data/A9ccQtU0-YFbDUeTh.png,13.33
DISTRIBUTIONS,#4ACFD3,100,"CROSSES ACCURATE, %",Belgium,FIFA WORLD CUP,https://static.flashscore.com/res/image/data/AqUnTDAN-dtrVaP64.png,34.69
DISTRIBUTIONS,#4ACFD3,100,"CROSSES ACCURATE, %",Cabo Verde,FIFA WORLD CUP,https://static.flashscore.com/res/image/data/vRSce5lC-GvK8wiCN.png,11.76
DISTRIBUTIONS,#4ACFD3,100,"CROSSES ACCURATE, %",Canada,FIFA WORLD CUP,https://static.flashscore.com/res/image/data/0U0WjVkl-EqLGVN18.png,26.090000000000003
DISTRIBUTIONS,#4ACFD3,100,"CROSSES ACCURATE, %",Colombia,FIFA WORLD CUP,https://static.flashscore.com/res/image/data/Y70aXOTH-C6kVdO5F.png,26.669999999999998
DISTRIBUTIONS,#4ACFD3,100,"CROSSES ACCURATE, %",Ecuador,FIFA WORLD CUP,https://static.flashscore.com/res/image/data/nun1o8jC-IPF97VQ3.png,27.27
DISTRIBUTIONS,#4ACFD3,100,"CROSSES ACCURATE, %",Egypt,FIFA WORLD CUP,https://static.flashscore.com/res/image/data/SKagcEU0-tY1cOGyQ.png,26.47
DISTRIBUTIONS,#4ACFD3,100,"CROSSES ACCURATE, %",Panama,FIFA WORLD CUP,https://static.flashscore.com/res/image/data/WYjftaA6-6yXdouA1.png,23.810000000000002
DISTRIBUTIONS,#4ACFD3,100,"CROSSES ACCURATE, %",Senegal,FIFA WORLD CUP,https://static.flashscore.com/res/image/data/xORbTVT0-lQcLqf4g.png,16.669999999999998
DISTRIBUTIONS,#4ACFD3,100,"CROSSES ACCURATE, %",Turkey,FIFA WORLD CUP,https://static.flashscore.com/res/image/data/OIr3e18k-Cfuwb3yH.png,23.080000000000002
DISTRIBUTIONS,#4ACFD3,100,"CROSSES ACCURATE, %",United States,FIFA WORLD CUP,https://static.flashscore.com/res/image/data/xfxMId8k-MPdHoKT3.png,22.58
DISTRIBUTIONS,#4ACFD3,100,"CROSSES ACCURATE, %",Uruguay,FIFA WORLD CUP,https://static.flashscore.com/res/image/data/pvtmslhT-WdZ4jMrq.png,28.849999999999998
DISTRIBUTIONS,#4ACFD3,300,FORWARD PASSES,Algeria,FIFA WORLD CUP,https://static.flashscore.com/res/image/data/A9ccQtU0-YFbDUeTh.png,245
DISTRIBUTIONS,#4ACFD3,300,FORWARD PASSES,Belgium,FIFA WORLD CUP,https://static.flashscore.com/res/image/data/AqUnTDAN-dtrVaP64.png,209.33
DISTRIBUTIONS,#4ACFD3,300,FORWARD PASSES,Cabo Verde,FIFA WORLD CUP,https://static.flashscore.com/res/image/data/vRSce5lC-GvK8wiCN.png,174.67
DISTRIBUTIONS,#4ACFD3,300,FORWARD PASSES,Canada,FIFA WORLD CUP,https://static.flashscore.com/res/image/data/0U0WjVkl-EqLGVN18.png,226
DISTRIBUTIONS,#4ACFD3,300,FORWARD PASSES,Colombia,FIFA WORLD CUP,https://static.flashscore.com/res/image/data/Y70aXOTH-C6kVdO5F.png,227.5
DISTRIBUTIONS,#4ACFD3,300,FORWARD PASSES,Ecuador,FIFA WORLD CUP,https://static.flashscore.com/res/image/data/nun1o8jC-IPF97VQ3.png,208.67
DISTRIBUTIONS,#4ACFD3,300,FORWARD PASSES,Egypt,FIFA WORLD CUP,https://static.flashscore.com/res/image/data/SKagcEU0-tY1cOGyQ.png,216
DISTRIBUTIONS,#4ACFD3,300,FORWARD PASSES,Panama,FIFA WORLD CUP,https://static.flashscore.com/res/image/data/WYjftaA6-6yXdouA1.png,199.5
DISTRIBUTIONS,#4ACFD3,300,FORWARD PASSES,Senegal,FIFA WORLD CUP,https://static.flashscore.com/res/image/data/xORbTVT0-lQcLqf4g.png,228
DISTRIBUTIONS,#4ACFD3,300,FORWARD PASSES,Turkey,FIFA WORLD CUP,https://static.flashscore.com/res/image/data/OIr3e18k-Cfuwb3yH.png,254.67
DISTRIBUTIONS,#4ACFD3,300,FORWARD PASSES,United States,FIFA WORLD CUP,https://static.flashscore.com/res/image/data/xfxMId8k-MPdHoKT3.png,223.33
DISTRIBUTIONS,#4ACFD3,300,FORWARD PASSES,Uruguay,FIFA WORLD CUP,https://static.flashscore.com/res/image/data/pvtmslhT-WdZ4jMrq.png,208.33
DISTRIBUTIONS,#4ACFD3,100,"FORWARD PASSES ACCURATE, %",Algeria,FIFA WORLD CUP,https://static.flashscore.com/res/image/data/A9ccQtU0-YFbDUeTh.png,81.84
DISTRIBUTIONS,#4ACFD3,100,"FORWARD PASSES ACCURATE, %",Belgium,FIFA WORLD CUP,https://static.flashscore.com/res/image/data/AqUnTDAN-dtrVaP64.png,78.66
DISTRIBUTIONS,#4ACFD3,100,"FORWARD PASSES ACCURATE, %",Cabo Verde,FIFA WORLD CUP,https://static.flashscore.com/res/image/data/vRSce5lC-GvK8wiCN.png,70.61
DISTRIBUTIONS,#4ACFD3,100,"FORWARD PASSES ACCURATE, %",Canada,FIFA WORLD CUP,https://static.flashscore.com/res/image/data/0U0WjVkl-EqLGVN18.png,75.37
DISTRIBUTIONS,#4ACFD3,100,"FORWARD PASSES ACCURATE, %",Colombia,FIFA WORLD CUP,https://static.flashscore.com/res/image/data/Y70aXOTH-C6kVdO5F.png,74.95
DISTRIBUTIONS,#4ACFD3,100,"FORWARD PASSES ACCURATE, %",Ecuador,FIFA WORLD CUP,https://static.flashscore.com/res/image/data/nun1o8jC-IPF97VQ3.png,78.91
DISTRIBUTIONS,#4ACFD3,100,"FORWARD PASSES ACCURATE, %",Egypt,FIFA WORLD CUP,https://static.flashscore.com/res/image/data/SKagcEU0-tY1cOGyQ.png,76.85
DISTRIBUTIONS,#4ACFD3,100,"FORWARD PASSES ACCURATE, %",Panama,FIFA WORLD CUP,https://static.flashscore.com/res/image/data/WYjftaA6-6yXdouA1.png,70.93
DISTRIBUTIONS,#4ACFD3,100,"FORWARD PASSES ACCURATE, %",Senegal,FIFA WORLD CUP,https://static.flashscore.com/res/image/data/xORbTVT0-lQcLqf4g.png,76.61
DISTRIBUTIONS,#4ACFD3,100,"FORWARD PASSES ACCURATE, %",Turkey,FIFA WORLD CUP,https://static.flashscore.com/res/image/data/OIr3e18k-Cfuwb3yH.png,76.57
DISTRIBUTIONS,#4ACFD3,100,"FORWARD PASSES ACCURATE, %",United States,FIFA WORLD CUP,https://static.flashscore.com/res/image/data/xfxMId8k-MPdHoKT3.png,76.87
DISTRIBUTIONS,#4ACFD3,100,"FORWARD PASSES ACCURATE, %",Uruguay,FIFA WORLD CUP,https://static.flashscore.com/res/image/data/pvtmslhT-WdZ4jMrq.png,75.68
DISTRIBUTIONS,#4ACFD3,100,KEY PASSES,Algeria,FIFA WORLD CUP,https://static.flashscore.com/res/image/data/A9ccQtU0-YFbDUeTh.png,3.5
DISTRIBUTIONS,#4ACFD3,100,KEY PASSES,Belgium,FIFA WORLD CUP,https://static.flashscore.com/res/image/data/AqUnTDAN-dtrVaP64.png,13
DISTRIBUTIONS,#4ACFD3,100,KEY PASSES,Cabo Verde,FIFA WORLD CUP,https://static.flashscore.com/res/image/data/vRSce5lC-GvK8wiCN.png,3
DISTRIBUTIONS,#4ACFD3,100,KEY PASSES,Canada,FIFA WORLD CUP,https://static.flashscore.com/res/image/data/0U0WjVkl-EqLGVN18.png,8
DISTRIBUTIONS,#4ACFD3,100,KEY PASSES,Colombia,FIFA WORLD CUP,https://static.flashscore.com/res/image/data/Y70aXOTH-C6kVdO5F.png,8.5
DISTRIBUTIONS,#4ACFD3,100,KEY PASSES,Ecuador,FIFA WORLD CUP,https://static.flashscore.com/res/image/data/nun1o8jC-IPF97VQ3.png,9.33
DISTRIBUTIONS,#4ACFD3,100,KEY PASSES,Egypt,FIFA WORLD CUP,https://static.flashscore.com/res/image/data/SKagcEU0-tY1cOGyQ.png,6.67
DISTRIBUTIONS,#4ACFD3,100,KEY PASSES,Panama,FIFA WORLD CUP,https://static.flashscore.com/res/image/data/WYjftaA6-6yXdouA1.png,6
DISTRIBUTIONS,#4ACFD3,100,KEY PASSES,Senegal,FIFA WORLD CUP,https://static.flashscore.com/res/image/data/xORbTVT0-lQcLqf4g.png,8.67
DISTRIBUTIONS,#4ACFD3,100,KEY PASSES,Turkey,FIFA WORLD CUP,https://static.flashscore.com/res/image/data/OIr3e18k-Cfuwb3yH.png,9.33
DISTRIBUTIONS,#4ACFD3,100,KEY PASSES,United States,FIFA WORLD CUP,https://static.flashscore.com/res/image/data/xfxMId8k-MPdHoKT3.png,10
DISTRIBUTIONS,#4ACFD3,100,KEY PASSES,Uruguay,FIFA WORLD CUP,https://static.flashscore.com/res/image/data/pvtmslhT-WdZ4jMrq.png,9.33
DISTRIBUTIONS,#4ACFD3,100,"KEY PASSES ACCURATE, %",Algeria,FIFA WORLD CUP,https://static.flashscore.com/res/image/data/A9ccQtU0-YFbDUeTh.png,57.14
DISTRIBUTIONS,#4ACFD3,100,"KEY PASSES ACCURATE, %",Belgium,FIFA WORLD CUP,https://static.flashscore.com/res/image/data/AqUnTDAN-dtrVaP64.png,48.72
DISTRIBUTIONS,#4ACFD3,100,"KEY PASSES ACCURATE, %",Cabo Verde,FIFA WORLD CUP,https://static.flashscore.com/res/image/data/vRSce5lC-GvK8wiCN.png,44.440000000000005
DISTRIBUTIONS,#4ACFD3,100,"KEY PASSES ACCURATE, %",Canada,FIFA WORLD CUP,https://static.flashscore.com/res/image/data/0U0WjVkl-EqLGVN18.png,45.83
DISTRIBUTIONS,#4ACFD3,100,"KEY PASSES ACCURATE, %",Colombia,FIFA WORLD CUP,https://static.flashscore.com/res/image/data/Y70aXOTH-C6kVdO5F.png,35.29
DISTRIBUTIONS,#4ACFD3,100,"KEY PASSES ACCURATE, %",Ecuador,FIFA WORLD CUP,https://static.flashscore.com/res/image/data/nun1o8jC-IPF97VQ3.png,42.86
DISTRIBUTIONS,#4ACFD3,100,"KEY PASSES ACCURATE, %",Egypt,FIFA WORLD CUP,https://static.flashscore.com/res/image/data/SKagcEU0-tY1cOGyQ.png,40
DISTRIBUTIONS,#4ACFD3,100,"KEY PASSES ACCURATE, %",Panama,FIFA WORLD CUP,https://static.flashscore.com/res/image/data/WYjftaA6-6yXdouA1.png,41.67
DISTRIBUTIONS,#4ACFD3,100,"KEY PASSES ACCURATE, %",Senegal,FIFA WORLD CUP,https://static.flashscore.com/res/image/data/xORbTVT0-lQcLqf4g.png,42.309999999999995
DISTRIBUTIONS,#4ACFD3,100,"KEY PASSES ACCURATE, %",Turkey,FIFA WORLD CUP,https://static.flashscore.com/res/image/data/OIr3e18k-Cfuwb3yH.png,57.14
DISTRIBUTIONS,#4ACFD3,100,"KEY PASSES ACCURATE, %",United States,FIFA WORLD CUP,https://static.flashscore.com/res/image/data/xfxMId8k-MPdHoKT3.png,50
DISTRIBUTIONS,#4ACFD3,100,"KEY PASSES ACCURATE, %",Uruguay,FIFA WORLD CUP,https://static.flashscore.com/res/image/data/pvtmslhT-WdZ4jMrq.png,25
DISTRIBUTIONS,#4ACFD3,100,LONG BALLS,Algeria,FIFA WORLD CUP,https://static.flashscore.com/res/image/data/A9ccQtU0-YFbDUeTh.png,18.5
DISTRIBUTIONS,#4ACFD3,100,LONG BALLS,Belgium,FIFA WORLD CUP,https://static.flashscore.com/res/image/data/AqUnTDAN-dtrVaP64.png,25
DISTRIBUTIONS,#4ACFD3,100,LONG BALLS,Cabo Verde,FIFA WORLD CUP,https://static.flashscore.com/res/image/data/vRSce5lC-GvK8wiCN.png,35.33
DISTRIBUTIONS,#4ACFD3,100,LONG BALLS,Canada,FIFA WORLD CUP,https://static.flashscore.com/res/image/data/0U0WjVkl-EqLGVN18.png,20
DISTRIBUTIONS,#4ACFD3,100,LONG BALLS,Colombia,FIFA WORLD CUP,https://static.flashscore.com/res/image/data/Y70aXOTH-C6kVdO5F.png,42.5
DISTRIBUTIONS,#4ACFD3,100,LONG BALLS,Ecuador,FIFA WORLD CUP,https://static.flashscore.com/res/image/data/nun1o8jC-IPF97VQ3.png,24
DISTRIBUTIONS,#4ACFD3,100,LONG BALLS,Egypt,FIFA WORLD CUP,https://static.flashscore.com/res/image/data/SKagcEU0-tY1cOGyQ.png,31
DISTRIBUTIONS,#4ACFD3,100,LONG BALLS,Panama,FIFA WORLD CUP,https://static.flashscore.com/res/image/data/WYjftaA6-6yXdouA1.png,37
DISTRIBUTIONS,#4ACFD3,100,LONG BALLS,Senegal,FIFA WORLD CUP,https://static.flashscore.com/res/image/data/xORbTVT0-lQcLqf4g.png,29.67
DISTRIBUTIONS,#4ACFD3,100,LONG BALLS,Turkey,FIFA WORLD CUP,https://static.flashscore.com/res/image/data/OIr3e18k-Cfuwb3yH.png,26.67
DISTRIBUTIONS,#4ACFD3,100,LONG BALLS,United States,FIFA WORLD CUP,https://static.flashscore.com/res/image/data/xfxMId8k-MPdHoKT3.png,27.67
DISTRIBUTIONS,#4ACFD3,100,LONG BALLS,Uruguay,FIFA WORLD CUP,https://static.flashscore.com/res/image/data/pvtmslhT-WdZ4jMrq.png,27.33
DISTRIBUTIONS,#4ACFD3,100,"LONG BALLS ACCURATE, %",Algeria,FIFA WORLD CUP,https://static.flashscore.com/res/image/data/A9ccQtU0-YFbDUeTh.png,62.16
DISTRIBUTIONS,#4ACFD3,100,"LONG BALLS ACCURATE, %",Belgium,FIFA WORLD CUP,https://static.flashscore.com/res/image/data/AqUnTDAN-dtrVaP64.png,53.33
DISTRIBUTIONS,#4ACFD3,100,"LONG BALLS ACCURATE, %",Cabo Verde,FIFA WORLD CUP,https://static.flashscore.com/res/image/data/vRSce5lC-GvK8wiCN.png,56.60000000000001
DISTRIBUTIONS,#4ACFD3,100,"LONG BALLS ACCURATE, %",Canada,FIFA WORLD CUP,https://static.flashscore.com/res/image/data/0U0WjVkl-EqLGVN18.png,71.67
DISTRIBUTIONS,#4ACFD3,100,"LONG BALLS ACCURATE, %",Colombia,FIFA WORLD CUP,https://static.flashscore.com/res/image/data/Y70aXOTH-C6kVdO5F.png,51.76
DISTRIBUTIONS,#4ACFD3,100,"LONG BALLS ACCURATE, %",Ecuador,FIFA WORLD CUP,https://static.flashscore.com/res/image/data/nun1o8jC-IPF97VQ3.png,55.559999999999995
DISTRIBUTIONS,#4ACFD3,100,"LONG BALLS ACCURATE, %",Egypt,FIFA WORLD CUP,https://static.flashscore.com/res/image/data/SKagcEU0-tY1cOGyQ.png,55.91
DISTRIBUTIONS,#4ACFD3,100,"LONG BALLS ACCURATE, %",Panama,FIFA WORLD CUP,https://static.flashscore.com/res/image/data/WYjftaA6-6yXdouA1.png,52.7
DISTRIBUTIONS,#4ACFD3,100,"LONG BALLS ACCURATE, %",Senegal,FIFA WORLD CUP,https://static.flashscore.com/res/image/data/xORbTVT0-lQcLqf4g.png,68.54
DISTRIBUTIONS,#4ACFD3,100,"LONG BALLS ACCURATE, %",Turkey,FIFA WORLD CUP,https://static.flashscore.com/res/image/data/OIr3e18k-Cfuwb3yH.png,52.5
DISTRIBUTIONS,#4ACFD3,100,"LONG BALLS ACCURATE, %",United States,FIFA WORLD CUP,https://static.flashscore.com/res/image/data/xfxMId8k-MPdHoKT3.png,65.06
DISTRIBUTIONS,#4ACFD3,100,"LONG BALLS ACCURATE, %",Uruguay,FIFA WORLD CUP,https://static.flashscore.com/res/image/data/pvtmslhT-WdZ4jMrq.png,58.540000000000006
DISTRIBUTIONS,#4ACFD3,900,PASSES,Algeria,FIFA WORLD CUP,https://static.flashscore.com/res/image/data/A9ccQtU0-YFbDUeTh.png,661
DISTRIBUTIONS,#4ACFD3,900,PASSES,Belgium,FIFA WORLD CUP,https://static.flashscore.com/res/image/data/AqUnTDAN-dtrVaP64.png,579.33
DISTRIBUTIONS,#4ACFD3,900,PASSES,Cabo Verde,FIFA WORLD CUP,https://static.flashscore.com/res/image/data/vRSce5lC-GvK8wiCN.png,381
DISTRIBUTIONS,#4ACFD3,900,PASSES,Canada,FIFA WORLD CUP,https://static.flashscore.com/res/image/data/0U0WjVkl-EqLGVN18.png,511.33
DISTRIBUTIONS,#4ACFD3,900,PASSES,Colombia,FIFA WORLD CUP,https://static.flashscore.com/res/image/data/Y70aXOTH-C6kVdO5F.png,569.5
DISTRIBUTIONS,#4ACFD3,900,PASSES,Ecuador,FIFA WORLD CUP,https://static.flashscore.com/res/image/data/nun1o8jC-IPF97VQ3.png,555
DISTRIBUTIONS,#4ACFD3,900,PASSES,Egypt,FIFA WORLD CUP,https://static.flashscore.com/res/image/data/SKagcEU0-tY1cOGyQ.png,529
DISTRIBUTIONS,#4ACFD3,900,PASSES,Panama,FIFA WORLD CUP,https://static.flashscore.com/res/image/data/WYjftaA6-6yXdouA1.png,504
DISTRIBUTIONS,#4ACFD3,900,PASSES,Senegal,FIFA WORLD CUP,https://static.flashscore.com/res/image/data/xORbTVT0-lQcLqf4g.png,561.33
DISTRIBUTIONS,#4ACFD3,900,PASSES,Turkey,FIFA WORLD CUP,https://static.flashscore.com/res/image/data/OIr3e18k-Cfuwb3yH.png,661
DISTRIBUTIONS,#4ACFD3,900,PASSES,United States,FIFA WORLD CUP,https://static.flashscore.com/res/image/data/xfxMId8k-MPdHoKT3.png,585
DISTRIBUTIONS,#4ACFD3,900,PASSES,Uruguay,FIFA WORLD CUP,https://static.flashscore.com/res/image/data/pvtmslhT-WdZ4jMrq.png,535.67
DISTRIBUTIONS,#4ACFD3,100,"PASSES ACCURATE, %",Algeria,FIFA WORLD CUP,https://static.flashscore.com/res/image/data/A9ccQtU0-YFbDUeTh.png,90.32
DISTRIBUTIONS,#4ACFD3,100,"PASSES ACCURATE, %",Belgium,FIFA WORLD CUP,https://static.flashscore.com/res/image/data/AqUnTDAN-dtrVaP64.png,86.94
DISTRIBUTIONS,#4ACFD3,100,"PASSES ACCURATE, %",Cabo Verde,FIFA WORLD CUP,https://static.flashscore.com/res/image/data/vRSce5lC-GvK8wiCN.png,81.01
DISTRIBUTIONS,#4ACFD3,100,"PASSES ACCURATE, %",Canada,FIFA WORLD CUP,https://static.flashscore.com/res/image/data/0U0WjVkl-EqLGVN18.png,82.4
DISTRIBUTIONS,#4ACFD3,100,"PASSES ACCURATE, %",Colombia,FIFA WORLD CUP,https://static.flashscore.com/res/image/data/Y70aXOTH-C6kVdO5F.png,86.48
DISTRIBUTIONS,#4ACFD3,100,"PASSES ACCURATE, %",Ecuador,FIFA WORLD CUP,https://static.flashscore.com/res/image/data/nun1o8jC-IPF97VQ3.png,88.17
DISTRIBUTIONS,#4ACFD3,100,"PASSES ACCURATE, %",Egypt,FIFA WORLD CUP,https://static.flashscore.com/res/image/data/SKagcEU0-tY1cOGyQ.png,86.39
DISTRIBUTIONS,#4ACFD3,100,"PASSES ACCURATE, %",Panama,FIFA WORLD CUP,https://static.flashscore.com/res/image/data/WYjftaA6-6yXdouA1.png,83.43
DISTRIBUTIONS,#4ACFD3,100,"PASSES ACCURATE, %",Senegal,FIFA WORLD CUP,https://static.flashscore.com/res/image/data/xORbTVT0-lQcLqf4g.png,86.1
DISTRIBUTIONS,#4ACFD3,100,"PASSES ACCURATE, %",Turkey,FIFA WORLD CUP,https://static.flashscore.com/res/image/data/OIr3e18k-Cfuwb3yH.png,85.43
DISTRIBUTIONS,#4ACFD3,100,"PASSES ACCURATE, %",United States,FIFA WORLD CUP,https://static.flashscore.com/res/image/data/xfxMId8k-MPdHoKT3.png,85.98
DISTRIBUTIONS,#4ACFD3,100,"PASSES ACCURATE, %",Uruguay,FIFA WORLD CUP,https://static.flashscore.com/res/image/data/pvtmslhT-WdZ4jMrq.png,85.25
DISTRIBUTIONS,#4ACFD3,100,PASSES INTO  PENALTY BOX,Algeria,FIFA WORLD CUP,https://static.flashscore.com/res/image/data/A9ccQtU0-YFbDUeTh.png,24.5
DISTRIBUTIONS,#4ACFD3,100,PASSES INTO  PENALTY BOX,Belgium,FIFA WORLD CUP,https://static.flashscore.com/res/image/data/AqUnTDAN-dtrVaP64.png,43
DISTRIBUTIONS,#4ACFD3,100,PASSES INTO  PENALTY BOX,Cabo Verde,FIFA WORLD CUP,https://static.flashscore.com/res/image/data/vRSce5lC-GvK8wiCN.png,15.33
DISTRIBUTIONS,#4ACFD3,100,PASSES INTO  PENALTY BOX,Canada,FIFA WORLD CUP,https://static.flashscore.com/res/image/data/0U0WjVkl-EqLGVN18.png,56.33
DISTRIBUTIONS,#4ACFD3,100,PASSES INTO  PENALTY BOX,Colombia,FIFA WORLD CUP,https://static.flashscore.com/res/image/data/Y70aXOTH-C6kVdO5F.png,31.5
DISTRIBUTIONS,#4ACFD3,100,PASSES INTO  PENALTY BOX,Ecuador,FIFA WORLD CUP,https://static.flashscore.com/res/image/data/nun1o8jC-IPF97VQ3.png,30.67
DISTRIBUTIONS,#4ACFD3,100,PASSES INTO  PENALTY BOX,Egypt,FIFA WORLD CUP,https://static.flashscore.com/res/image/data/SKagcEU0-tY1cOGyQ.png,28.67
DISTRIBUTIONS,#4ACFD3,100,PASSES INTO  PENALTY BOX,Panama,FIFA WORLD CUP,https://static.flashscore.com/res/image/data/WYjftaA6-6yXdouA1.png,29.5
DISTRIBUTIONS,#4ACFD3,100,PASSES INTO  PENALTY BOX,Senegal,FIFA WORLD CUP,https://static.flashscore.com/res/image/data/xORbTVT0-lQcLqf4g.png,31.67
DISTRIBUTIONS,#4ACFD3,100,PASSES INTO  PENALTY BOX,Turkey,FIFA WORLD CUP,https://static.flashscore.com/res/image/data/OIr3e18k-Cfuwb3yH.png,44.33
DISTRIBUTIONS,#4ACFD3,100,PASSES INTO  PENALTY BOX,United States,FIFA WORLD CUP,https://static.flashscore.com/res/image/data/xfxMId8k-MPdHoKT3.png,30
DISTRIBUTIONS,#4ACFD3,100,PASSES INTO  PENALTY BOX,Uruguay,FIFA WORLD CUP,https://static.flashscore.com/res/image/data/pvtmslhT-WdZ4jMrq.png,41.33
DISTRIBUTIONS,#4ACFD3,100,"PASSES INTO PENALTY BOX ACCURATE, %",Algeria,FIFA WORLD CUP,https://static.flashscore.com/res/image/data/A9ccQtU0-YFbDUeTh.png,53.06000000000001
DISTRIBUTIONS,#4ACFD3,100,"PASSES INTO PENALTY BOX ACCURATE, %",Belgium,FIFA WORLD CUP,https://static.flashscore.com/res/image/data/AqUnTDAN-dtrVaP64.png,55.04
DISTRIBUTIONS,#4ACFD3,100,"PASSES INTO PENALTY BOX ACCURATE, %",Cabo Verde,FIFA WORLD CUP,https://static.flashscore.com/res/image/data/vRSce5lC-GvK8wiCN.png,41.3
DISTRIBUTIONS,#4ACFD3,100,"PASSES INTO PENALTY BOX ACCURATE, %",Canada,FIFA WORLD CUP,https://static.flashscore.com/res/image/data/0U0WjVkl-EqLGVN18.png,55.620000000000005
DISTRIBUTIONS,#4ACFD3,100,"PASSES INTO PENALTY BOX ACCURATE, %",Colombia,FIFA WORLD CUP,https://static.flashscore.com/res/image/data/Y70aXOTH-C6kVdO5F.png,42.86
DISTRIBUTIONS,#4ACFD3,100,"PASSES INTO PENALTY BOX ACCURATE, %",Ecuador,FIFA WORLD CUP,https://static.flashscore.com/res/image/data/nun1o8jC-IPF97VQ3.png,50
DISTRIBUTIONS,#4ACFD3,100,"PASSES INTO PENALTY BOX ACCURATE, %",Egypt,FIFA WORLD CUP,https://static.flashscore.com/res/image/data/SKagcEU0-tY1cOGyQ.png,44.190000000000005
DISTRIBUTIONS,#4ACFD3,100,"PASSES INTO PENALTY BOX ACCURATE, %",Panama,FIFA WORLD CUP,https://static.flashscore.com/res/image/data/WYjftaA6-6yXdouA1.png,40.68
DISTRIBUTIONS,#4ACFD3,100,"PASSES INTO PENALTY BOX ACCURATE, %",Senegal,FIFA WORLD CUP,https://static.flashscore.com/res/image/data/xORbTVT0-lQcLqf4g.png,48.42
DISTRIBUTIONS,#4ACFD3,100,"PASSES INTO PENALTY BOX ACCURATE, %",Turkey,FIFA WORLD CUP,https://static.flashscore.com/res/image/data/OIr3e18k-Cfuwb3yH.png,49.62
DISTRIBUTIONS,#4ACFD3,100,"PASSES INTO PENALTY BOX ACCURATE, %",United States,FIFA WORLD CUP,https://static.flashscore.com/res/image/data/xfxMId8k-MPdHoKT3.png,60
DISTRIBUTIONS,#4ACFD3,100,"PASSES INTO PENALTY BOX ACCURATE, %",Uruguay,FIFA WORLD CUP,https://static.flashscore.com/res/image/data/pvtmslhT-WdZ4jMrq.png,51.61
DISTRIBUTIONS,#4ACFD3,150,PROGRESSIVE PASSES,Algeria,FIFA WORLD CUP,https://static.flashscore.com/res/image/data/A9ccQtU0-YFbDUeTh.png,96
DISTRIBUTIONS,#4ACFD3,150,PROGRESSIVE PASSES,Belgium,FIFA WORLD CUP,https://static.flashscore.com/res/image/data/AqUnTDAN-dtrVaP64.png,109
DISTRIBUTIONS,#4ACFD3,150,PROGRESSIVE PASSES,Cabo Verde,FIFA WORLD CUP,https://static.flashscore.com/res/image/data/vRSce5lC-GvK8wiCN.png,67.67
DISTRIBUTIONS,#4ACFD3,150,PROGRESSIVE PASSES,Canada,FIFA WORLD CUP,https://static.flashscore.com/res/image/data/0U0WjVkl-EqLGVN18.png,109.67
DISTRIBUTIONS,#4ACFD3,150,PROGRESSIVE PASSES,Colombia,FIFA WORLD CUP,https://static.flashscore.com/res/image/data/Y70aXOTH-C6kVdO5F.png,102.5
DISTRIBUTIONS,#4ACFD3,150,PROGRESSIVE PASSES,Ecuador,FIFA WORLD CUP,https://static.flashscore.com/res/image/data/nun1o8jC-IPF97VQ3.png,101.33
DISTRIBUTIONS,#4ACFD3,150,PROGRESSIVE PASSES,Egypt,FIFA WORLD CUP,https://static.flashscore.com/res/image/data/SKagcEU0-tY1cOGyQ.png,99.67
DISTRIBUTIONS,#4ACFD3,150,PROGRESSIVE PASSES,Panama,FIFA WORLD CUP,https://static.flashscore.com/res/image/data/WYjftaA6-6yXdouA1.png,100
DISTRIBUTIONS,#4ACFD3,150,PROGRESSIVE PASSES,Senegal,FIFA WORLD CUP,https://static.flashscore.com/res/image/data/xORbTVT0-lQcLqf4g.png,104
DISTRIBUTIONS,#4ACFD3,150,PROGRESSIVE PASSES,Turkey,FIFA WORLD CUP,https://static.flashscore.com/res/image/data/OIr3e18k-Cfuwb3yH.png,122
DISTRIBUTIONS,#4ACFD3,150,PROGRESSIVE PASSES,United States,FIFA WORLD CUP,https://static.flashscore.com/res/image/data/xfxMId8k-MPdHoKT3.png,98
DISTRIBUTIONS,#4ACFD3,150,PROGRESSIVE PASSES,Uruguay,FIFA WORLD CUP,https://static.flashscore.com/res/image/data/pvtmslhT-WdZ4jMrq.png,107.33
DISTRIBUTIONS,#4ACFD3,100,"PROGRESSIVE PASSES ACCURATE, %",Algeria,FIFA WORLD CUP,https://static.flashscore.com/res/image/data/A9ccQtU0-YFbDUeTh.png,75
DISTRIBUTIONS,#4ACFD3,100,"PROGRESSIVE PASSES ACCURATE, %",Belgium,FIFA WORLD CUP,https://static.flashscore.com/res/image/data/AqUnTDAN-dtrVaP64.png,74.62
DISTRIBUTIONS,#4ACFD3,100,"PROGRESSIVE PASSES ACCURATE, %",Cabo Verde,FIFA WORLD CUP,https://static.flashscore.com/res/image/data/vRSce5lC-GvK8wiCN.png,64.04
DISTRIBUTIONS,#4ACFD3,100,"PROGRESSIVE PASSES ACCURATE, %",Canada,FIFA WORLD CUP,https://static.flashscore.com/res/image/data/0U0WjVkl-EqLGVN18.png,76.29000000000002
DISTRIBUTIONS,#4ACFD3,100,"PROGRESSIVE PASSES ACCURATE, %",Colombia,FIFA WORLD CUP,https://static.flashscore.com/res/image/data/Y70aXOTH-C6kVdO5F.png,60.980000000000004
DISTRIBUTIONS,#4ACFD3,100,"PROGRESSIVE PASSES ACCURATE, %",Ecuador,FIFA WORLD CUP,https://static.flashscore.com/res/image/data/nun1o8jC-IPF97VQ3.png,75.33
DISTRIBUTIONS,#4ACFD3,100,"PROGRESSIVE PASSES ACCURATE, %",Egypt,FIFA WORLD CUP,https://static.flashscore.com/res/image/data/SKagcEU0-tY1cOGyQ.png,68.56
DISTRIBUTIONS,#4ACFD3,100,"PROGRESSIVE PASSES ACCURATE, %",Panama,FIFA WORLD CUP,https://static.flashscore.com/res/image/data/WYjftaA6-6yXdouA1.png,64.5
DISTRIBUTIONS,#4ACFD3,100,"PROGRESSIVE PASSES ACCURATE, %",Senegal,FIFA WORLD CUP,https://static.flashscore.com/res/image/data/xORbTVT0-lQcLqf4g.png,72.76
DISTRIBUTIONS,#4ACFD3,100,"PROGRESSIVE PASSES ACCURATE, %",Turkey,FIFA WORLD CUP,https://static.flashscore.com/res/image/data/OIr3e18k-Cfuwb3yH.png,75.41
DISTRIBUTIONS,#4ACFD3,100,"PROGRESSIVE PASSES ACCURATE, %",United States,FIFA WORLD CUP,https://static.flashscore.com/res/image/data/xfxMId8k-MPdHoKT3.png,75.85
DISTRIBUTIONS,#4ACFD3,100,"PROGRESSIVE PASSES ACCURATE, %",Uruguay,FIFA WORLD CUP,https://static.flashscore.com/res/image/data/pvtmslhT-WdZ4jMrq.png,71.12
INDIVIDUAL,#FBE523,100,ACTIONS IN OPPONENT'S BOX,Algeria,FIFA WORLD CUP,https://static.flashscore.com/res/image/data/A9ccQtU0-YFbDUeTh.png,27.5
INDIVIDUAL,#FBE523,100,ACTIONS IN OPPONENT'S BOX,Belgium,FIFA WORLD CUP,https://static.flashscore.com/res/image/data/AqUnTDAN-dtrVaP64.png,58.33
INDIVIDUAL,#FBE523,100,ACTIONS IN OPPONENT'S BOX,Cabo Verde,FIFA WORLD CUP,https://static.flashscore.com/res/image/data/vRSce5lC-GvK8wiCN.png,14.67
INDIVIDUAL,#FBE523,100,ACTIONS IN OPPONENT'S BOX,Canada,FIFA WORLD CUP,https://static.flashscore.com/res/image/data/0U0WjVkl-EqLGVN18.png,68.33
INDIVIDUAL,#FBE523,100,ACTIONS IN OPPONENT'S BOX,Colombia,FIFA WORLD CUP,https://static.flashscore.com/res/image/data/Y70aXOTH-C6kVdO5F.png,34.5
INDIVIDUAL,#FBE523,100,ACTIONS IN OPPONENT'S BOX,Ecuador,FIFA WORLD CUP,https://static.flashscore.com/res/image/data/nun1o8jC-IPF97VQ3.png,32.67
INDIVIDUAL,#FBE523,100,ACTIONS IN OPPONENT'S BOX,Egypt,FIFA WORLD CUP,https://static.flashscore.com/res/image/data/SKagcEU0-tY1cOGyQ.png,39
INDIVIDUAL,#FBE523,100,ACTIONS IN OPPONENT'S BOX,Panama,FIFA WORLD CUP,https://static.flashscore.com/res/image/data/WYjftaA6-6yXdouA1.png,29.5
INDIVIDUAL,#FBE523,100,ACTIONS IN OPPONENT'S BOX,Senegal,FIFA WORLD CUP,https://static.flashscore.com/res/image/data/xORbTVT0-lQcLqf4g.png,36.67
INDIVIDUAL,#FBE523,100,ACTIONS IN OPPONENT'S BOX,Turkey,FIFA WORLD CUP,https://static.flashscore.com/res/image/data/OIr3e18k-Cfuwb3yH.png,53.33
INDIVIDUAL,#FBE523,100,ACTIONS IN OPPONENT'S BOX,United States,FIFA WORLD CUP,https://static.flashscore.com/res/image/data/xfxMId8k-MPdHoKT3.png,46.33
INDIVIDUAL,#FBE523,100,ACTIONS IN OPPONENT'S BOX,Uruguay,FIFA WORLD CUP,https://static.flashscore.com/res/image/data/pvtmslhT-WdZ4jMrq.png,42
INDIVIDUAL,#FBE523,100,"ACTIONS IN OPPONENT'S BOX SUCCESSFUL, %",Algeria,FIFA WORLD CUP,https://static.flashscore.com/res/image/data/A9ccQtU0-YFbDUeTh.png,41.82
INDIVIDUAL,#FBE523,100,"ACTIONS IN OPPONENT'S BOX SUCCESSFUL, %",Belgium,FIFA WORLD CUP,https://static.flashscore.com/res/image/data/AqUnTDAN-dtrVaP64.png,55.43
INDIVIDUAL,#FBE523,100,"ACTIONS IN OPPONENT'S BOX SUCCESSFUL, %",Cabo Verde,FIFA WORLD CUP,https://static.flashscore.com/res/image/data/vRSce5lC-GvK8wiCN.png,36.36
INDIVIDUAL,#FBE523,100,"ACTIONS IN OPPONENT'S BOX SUCCESSFUL, %",Canada,FIFA WORLD CUP,https://static.flashscore.com/res/image/data/0U0WjVkl-EqLGVN18.png,50.24000000000001
INDIVIDUAL,#FBE523,100,"ACTIONS IN OPPONENT'S BOX SUCCESSFUL, %",Colombia,FIFA WORLD CUP,https://static.flashscore.com/res/image/data/Y70aXOTH-C6kVdO5F.png,53.620000000000005
INDIVIDUAL,#FBE523,100,"ACTIONS IN OPPONENT'S BOX SUCCESSFUL, %",Ecuador,FIFA WORLD CUP,https://static.flashscore.com/res/image/data/nun1o8jC-IPF97VQ3.png,47.96
INDIVIDUAL,#FBE523,100,"ACTIONS IN OPPONENT'S BOX SUCCESSFUL, %",Egypt,FIFA WORLD CUP,https://static.flashscore.com/res/image/data/SKagcEU0-tY1cOGyQ.png,46.150000000000006
INDIVIDUAL,#FBE523,100,"ACTIONS IN OPPONENT'S BOX SUCCESSFUL, %",Panama,FIFA WORLD CUP,https://static.flashscore.com/res/image/data/WYjftaA6-6yXdouA1.png,45.76
INDIVIDUAL,#FBE523,100,"ACTIONS IN OPPONENT'S BOX SUCCESSFUL, %",Senegal,FIFA WORLD CUP,https://static.flashscore.com/res/image/data/xORbTVT0-lQcLqf4g.png,50.91
INDIVIDUAL,#FBE523,100,"ACTIONS IN OPPONENT'S BOX SUCCESSFUL, %",Turkey,FIFA WORLD CUP,https://static.flashscore.com/res/image/data/OIr3e18k-Cfuwb3yH.png,45
INDIVIDUAL,#FBE523,100,"ACTIONS IN OPPONENT'S BOX SUCCESSFUL, %",United States,FIFA WORLD CUP,https://static.flashscore.com/res/image/data/xfxMId8k-MPdHoKT3.png,41.730000000000004
INDIVIDUAL,#FBE523,100,"ACTIONS IN OPPONENT'S BOX SUCCESSFUL, %",Uruguay,FIFA WORLD CUP,https://static.flashscore.com/res/image/data/pvtmslhT-WdZ4jMrq.png,37.3
INDIVIDUAL,#FBE523,100,"ACTIONS SUCCESSFUL, %",Algeria,FIFA WORLD CUP,https://static.flashscore.com/res/image/data/A9ccQtU0-YFbDUeTh.png,84.38
INDIVIDUAL,#FBE523,100,"ACTIONS SUCCESSFUL, %",Belgium,FIFA WORLD CUP,https://static.flashscore.com/res/image/data/AqUnTDAN-dtrVaP64.png,81.9
INDIVIDUAL,#FBE523,100,"ACTIONS SUCCESSFUL, %",Cabo Verde,FIFA WORLD CUP,https://static.flashscore.com/res/image/data/vRSce5lC-GvK8wiCN.png,77.05
INDIVIDUAL,#FBE523,100,"ACTIONS SUCCESSFUL, %",Canada,FIFA WORLD CUP,https://static.flashscore.com/res/image/data/0U0WjVkl-EqLGVN18.png,78.4
INDIVIDUAL,#FBE523,100,"ACTIONS SUCCESSFUL, %",Colombia,FIFA WORLD CUP,https://static.flashscore.com/res/image/data/Y70aXOTH-C6kVdO5F.png,82.77
INDIVIDUAL,#FBE523,100,"ACTIONS SUCCESSFUL, %",Ecuador,FIFA WORLD CUP,https://static.flashscore.com/res/image/data/nun1o8jC-IPF97VQ3.png,81.42
INDIVIDUAL,#FBE523,100,"ACTIONS SUCCESSFUL, %",Egypt,FIFA WORLD CUP,https://static.flashscore.com/res/image/data/SKagcEU0-tY1cOGyQ.png,80.21
INDIVIDUAL,#FBE523,100,"ACTIONS SUCCESSFUL, %",Panama,FIFA WORLD CUP,https://static.flashscore.com/res/image/data/WYjftaA6-6yXdouA1.png,77.74
INDIVIDUAL,#FBE523,100,"ACTIONS SUCCESSFUL, %",Senegal,FIFA WORLD CUP,https://static.flashscore.com/res/image/data/xORbTVT0-lQcLqf4g.png,81.49
INDIVIDUAL,#FBE523,100,"ACTIONS SUCCESSFUL, %",Turkey,FIFA WORLD CUP,https://static.flashscore.com/res/image/data/OIr3e18k-Cfuwb3yH.png,80.67
INDIVIDUAL,#FBE523,100,"ACTIONS SUCCESSFUL, %",United States,FIFA WORLD CUP,https://static.flashscore.com/res/image/data/xfxMId8k-MPdHoKT3.png,79.31
INDIVIDUAL,#FBE523,100,"ACTIONS SUCCESSFUL, %",Uruguay,FIFA WORLD CUP,https://static.flashscore.com/res/image/data/pvtmslhT-WdZ4jMrq.png,79.31
INDIVIDUAL,#FBE523,100,"AERIAL CHALLENGES WON, %",Algeria,FIFA WORLD CUP,https://static.flashscore.com/res/image/data/A9ccQtU0-YFbDUeTh.png,52.17
INDIVIDUAL,#FBE523,100,"AERIAL CHALLENGES WON, %",Belgium,FIFA WORLD CUP,https://static.flashscore.com/res/image/data/AqUnTDAN-dtrVaP64.png,48.35
INDIVIDUAL,#FBE523,100,"AERIAL CHALLENGES WON, %",Cabo Verde,FIFA WORLD CUP,https://static.flashscore.com/res/image/data/vRSce5lC-GvK8wiCN.png,47.620000000000005
INDIVIDUAL,#FBE523,100,"AERIAL CHALLENGES WON, %",Canada,FIFA WORLD CUP,https://static.flashscore.com/res/image/data/0U0WjVkl-EqLGVN18.png,45.11
INDIVIDUAL,#FBE523,100,"AERIAL CHALLENGES WON, %",Colombia,FIFA WORLD CUP,https://static.flashscore.com/res/image/data/Y70aXOTH-C6kVdO5F.png,68.25
INDIVIDUAL,#FBE523,100,"AERIAL CHALLENGES WON, %",Ecuador,FIFA WORLD CUP,https://static.flashscore.com/res/image/data/nun1o8jC-IPF97VQ3.png,47.06
INDIVIDUAL,#FBE523,100,"AERIAL CHALLENGES WON, %",Egypt,FIFA WORLD CUP,https://static.flashscore.com/res/image/data/SKagcEU0-tY1cOGyQ.png,44.92
INDIVIDUAL,#FBE523,100,"AERIAL CHALLENGES WON, %",Panama,FIFA WORLD CUP,https://static.flashscore.com/res/image/data/WYjftaA6-6yXdouA1.png,56.98
INDIVIDUAL,#FBE523,100,"AERIAL CHALLENGES WON, %",Senegal,FIFA WORLD CUP,https://static.flashscore.com/res/image/data/xORbTVT0-lQcLqf4g.png,50
INDIVIDUAL,#FBE523,100,"AERIAL CHALLENGES WON, %",Turkey,FIFA WORLD CUP,https://static.flashscore.com/res/image/data/OIr3e18k-Cfuwb3yH.png,51.82
INDIVIDUAL,#FBE523,100,"AERIAL CHALLENGES WON, %",United States,FIFA WORLD CUP,https://static.flashscore.com/res/image/data/xfxMId8k-MPdHoKT3.png,46.28
INDIVIDUAL,#FBE523,100,"AERIAL CHALLENGES WON, %",Uruguay,FIFA WORLD CUP,https://static.flashscore.com/res/image/data/pvtmslhT-WdZ4jMrq.png,43.480000000000004
INDIVIDUAL,#FBE523,100,"ATTACKING CHALLENGES WON, %",Algeria,FIFA WORLD CUP,https://static.flashscore.com/res/image/data/A9ccQtU0-YFbDUeTh.png,41.82
INDIVIDUAL,#FBE523,100,"ATTACKING CHALLENGES WON, %",Belgium,FIFA WORLD CUP,https://static.flashscore.com/res/image/data/AqUnTDAN-dtrVaP64.png,48.78
INDIVIDUAL,#FBE523,100,"ATTACKING CHALLENGES WON, %",Cabo Verde,FIFA WORLD CUP,https://static.flashscore.com/res/image/data/vRSce5lC-GvK8wiCN.png,43.53
INDIVIDUAL,#FBE523,100,"ATTACKING CHALLENGES WON, %",Canada,FIFA WORLD CUP,https://static.flashscore.com/res/image/data/0U0WjVkl-EqLGVN18.png,40
INDIVIDUAL,#FBE523,100,"ATTACKING CHALLENGES WON, %",Colombia,FIFA WORLD CUP,https://static.flashscore.com/res/image/data/Y70aXOTH-C6kVdO5F.png,55.46
INDIVIDUAL,#FBE523,100,"ATTACKING CHALLENGES WON, %",Ecuador,FIFA WORLD CUP,https://static.flashscore.com/res/image/data/nun1o8jC-IPF97VQ3.png,45.22
INDIVIDUAL,#FBE523,100,"ATTACKING CHALLENGES WON, %",Egypt,FIFA WORLD CUP,https://static.flashscore.com/res/image/data/SKagcEU0-tY1cOGyQ.png,41.3
INDIVIDUAL,#FBE523,100,"ATTACKING CHALLENGES WON, %",Panama,FIFA WORLD CUP,https://static.flashscore.com/res/image/data/WYjftaA6-6yXdouA1.png,44.230000000000004
INDIVIDUAL,#FBE523,100,"ATTACKING CHALLENGES WON, %",Senegal,FIFA WORLD CUP,https://static.flashscore.com/res/image/data/xORbTVT0-lQcLqf4g.png,44.440000000000005
INDIVIDUAL,#FBE523,100,"ATTACKING CHALLENGES WON, %",Turkey,FIFA WORLD CUP,https://static.flashscore.com/res/image/data/OIr3e18k-Cfuwb3yH.png,51.47999999999999
INDIVIDUAL,#FBE523,100,"ATTACKING CHALLENGES WON, %",United States,FIFA WORLD CUP,https://static.flashscore.com/res/image/data/xfxMId8k-MPdHoKT3.png,45.71
INDIVIDUAL,#FBE523,100,"ATTACKING CHALLENGES WON, %",Uruguay,FIFA WORLD CUP,https://static.flashscore.com/res/image/data/pvtmslhT-WdZ4jMrq.png,43.18
INDIVIDUAL,#FBE523,100,"DEFENSIVE CHALLENGES WON, %",Algeria,FIFA WORLD CUP,https://static.flashscore.com/res/image/data/A9ccQtU0-YFbDUeTh.png,61.9
INDIVIDUAL,#FBE523,100,"DEFENSIVE CHALLENGES WON, %",Belgium,FIFA WORLD CUP,https://static.flashscore.com/res/image/data/AqUnTDAN-dtrVaP64.png,52.690000000000005
INDIVIDUAL,#FBE523,100,"DEFENSIVE CHALLENGES WON, %",Cabo Verde,FIFA WORLD CUP,https://static.flashscore.com/res/image/data/vRSce5lC-GvK8wiCN.png,60.93000000000001
INDIVIDUAL,#FBE523,100,"DEFENSIVE CHALLENGES WON, %",Canada,FIFA WORLD CUP,https://static.flashscore.com/res/image/data/0U0WjVkl-EqLGVN18.png,63.78
INDIVIDUAL,#FBE523,100,"DEFENSIVE CHALLENGES WON, %",Colombia,FIFA WORLD CUP,https://static.flashscore.com/res/image/data/Y70aXOTH-C6kVdO5F.png,60.91
INDIVIDUAL,#FBE523,100,"DEFENSIVE CHALLENGES WON, %",Ecuador,FIFA WORLD CUP,https://static.flashscore.com/res/image/data/nun1o8jC-IPF97VQ3.png,53.88
INDIVIDUAL,#FBE523,100,"DEFENSIVE CHALLENGES WON, %",Egypt,FIFA WORLD CUP,https://static.flashscore.com/res/image/data/SKagcEU0-tY1cOGyQ.png,54.39000000000001
INDIVIDUAL,#FBE523,100,"DEFENSIVE CHALLENGES WON, %",Panama,FIFA WORLD CUP,https://static.flashscore.com/res/image/data/WYjftaA6-6yXdouA1.png,52.629999999999995
INDIVIDUAL,#FBE523,100,"DEFENSIVE CHALLENGES WON, %",Senegal,FIFA WORLD CUP,https://static.flashscore.com/res/image/data/xORbTVT0-lQcLqf4g.png,59.09000000000001
INDIVIDUAL,#FBE523,100,"DEFENSIVE CHALLENGES WON, %",Turkey,FIFA WORLD CUP,https://static.flashscore.com/res/image/data/OIr3e18k-Cfuwb3yH.png,56.56
INDIVIDUAL,#FBE523,100,"DEFENSIVE CHALLENGES WON, %",United States,FIFA WORLD CUP,https://static.flashscore.com/res/image/data/xfxMId8k-MPdHoKT3.png,49.39
INDIVIDUAL,#FBE523,100,"DEFENSIVE CHALLENGES WON, %",Uruguay,FIFA WORLD CUP,https://static.flashscore.com/res/image/data/pvtmslhT-WdZ4jMrq.png,52.96999999999999
INDIVIDUAL,#FBE523,100,"DRIBBLES SUCCESSFUL, %",Algeria,FIFA WORLD CUP,https://static.flashscore.com/res/image/data/A9ccQtU0-YFbDUeTh.png,50.72
INDIVIDUAL,#FBE523,100,"DRIBBLES SUCCESSFUL, %",Belgium,FIFA WORLD CUP,https://static.flashscore.com/res/image/data/AqUnTDAN-dtrVaP64.png,68.25
INDIVIDUAL,#FBE523,100,"DRIBBLES SUCCESSFUL, %",Cabo Verde,FIFA WORLD CUP,https://static.flashscore.com/res/image/data/vRSce5lC-GvK8wiCN.png,56.58
INDIVIDUAL,#FBE523,100,"DRIBBLES SUCCESSFUL, %",Canada,FIFA WORLD CUP,https://static.flashscore.com/res/image/data/0U0WjVkl-EqLGVN18.png,48.89
INDIVIDUAL,#FBE523,100,"DRIBBLES SUCCESSFUL, %",Colombia,FIFA WORLD CUP,https://static.flashscore.com/res/image/data/Y70aXOTH-C6kVdO5F.png,70
INDIVIDUAL,#FBE523,100,"DRIBBLES SUCCESSFUL, %",Ecuador,FIFA WORLD CUP,https://static.flashscore.com/res/image/data/nun1o8jC-IPF97VQ3.png,54.84
INDIVIDUAL,#FBE523,100,"DRIBBLES SUCCESSFUL, %",Egypt,FIFA WORLD CUP,https://static.flashscore.com/res/image/data/SKagcEU0-tY1cOGyQ.png,52.17
INDIVIDUAL,#FBE523,100,"DRIBBLES SUCCESSFUL, %",Panama,FIFA WORLD CUP,https://static.flashscore.com/res/image/data/WYjftaA6-6yXdouA1.png,50.91
INDIVIDUAL,#FBE523,100,"DRIBBLES SUCCESSFUL, %",Senegal,FIFA WORLD CUP,https://static.flashscore.com/res/image/data/xORbTVT0-lQcLqf4g.png,53.42
INDIVIDUAL,#FBE523,100,"DRIBBLES SUCCESSFUL, %",Turkey,FIFA WORLD CUP,https://static.flashscore.com/res/image/data/OIr3e18k-Cfuwb3yH.png,61.540000000000006
INDIVIDUAL,#FBE523,100,"DRIBBLES SUCCESSFUL, %",United States,FIFA WORLD CUP,https://static.flashscore.com/res/image/data/xfxMId8k-MPdHoKT3.png,58.9
INDIVIDUAL,#FBE523,100,"DRIBBLES SUCCESSFUL, %",Uruguay,FIFA WORLD CUP,https://static.flashscore.com/res/image/data/pvtmslhT-WdZ4jMrq.png,50.77
INDIVIDUAL,#FBE523,100,"FINAL THIRD DRIIBLING SUCCESSFUL, %",Algeria,FIFA WORLD CUP,https://static.flashscore.com/res/image/data/A9ccQtU0-YFbDUeTh.png,48.89
INDIVIDUAL,#FBE523,100,"FINAL THIRD DRIIBLING SUCCESSFUL, %",Belgium,FIFA WORLD CUP,https://static.flashscore.com/res/image/data/AqUnTDAN-dtrVaP64.png,67.5
INDIVIDUAL,#FBE523,100,"FINAL THIRD DRIIBLING SUCCESSFUL, %",Cabo Verde,FIFA WORLD CUP,https://static.flashscore.com/res/image/data/vRSce5lC-GvK8wiCN.png,52.94
INDIVIDUAL,#FBE523,100,"FINAL THIRD DRIIBLING SUCCESSFUL, %",Canada,FIFA WORLD CUP,https://static.flashscore.com/res/image/data/0U0WjVkl-EqLGVN18.png,41.94
INDIVIDUAL,#FBE523,100,"FINAL THIRD DRIIBLING SUCCESSFUL, %",Colombia,FIFA WORLD CUP,https://static.flashscore.com/res/image/data/Y70aXOTH-C6kVdO5F.png,70
INDIVIDUAL,#FBE523,100,"FINAL THIRD DRIIBLING SUCCESSFUL, %",Ecuador,FIFA WORLD CUP,https://static.flashscore.com/res/image/data/nun1o8jC-IPF97VQ3.png,40
INDIVIDUAL,#FBE523,100,"FINAL THIRD DRIIBLING SUCCESSFUL, %",Egypt,FIFA WORLD CUP,https://static.flashscore.com/res/image/data/SKagcEU0-tY1cOGyQ.png,54.55
INDIVIDUAL,#FBE523,100,"FINAL THIRD DRIIBLING SUCCESSFUL, %",Panama,FIFA WORLD CUP,https://static.flashscore.com/res/image/data/WYjftaA6-6yXdouA1.png,43.480000000000004
INDIVIDUAL,#FBE523,100,"FINAL THIRD DRIIBLING SUCCESSFUL, %",Senegal,FIFA WORLD CUP,https://static.flashscore.com/res/image/data/xORbTVT0-lQcLqf4g.png,45.1
INDIVIDUAL,#FBE523,100,"FINAL THIRD DRIIBLING SUCCESSFUL, %",Turkey,FIFA WORLD CUP,https://static.flashscore.com/res/image/data/OIr3e18k-Cfuwb3yH.png,50.91
INDIVIDUAL,#FBE523,100,"FINAL THIRD DRIIBLING SUCCESSFUL, %",United States,FIFA WORLD CUP,https://static.flashscore.com/res/image/data/xfxMId8k-MPdHoKT3.png,53.33
INDIVIDUAL,#FBE523,100,"FINAL THIRD DRIIBLING SUCCESSFUL, %",Uruguay,FIFA WORLD CUP,https://static.flashscore.com/res/image/data/pvtmslhT-WdZ4jMrq.png,48.65
INDIVIDUAL,#FBE523,100,INTERCEPTIONS,Algeria,FIFA WORLD CUP,https://static.flashscore.com/res/image/data/A9ccQtU0-YFbDUeTh.png,39.5
INDIVIDUAL,#FBE523,100,INTERCEPTIONS,Belgium,FIFA WORLD CUP,https://static.flashscore.com/res/image/data/AqUnTDAN-dtrVaP64.png,56.67
INDIVIDUAL,#FBE523,100,INTERCEPTIONS,Cabo Verde,FIFA WORLD CUP,https://static.flashscore.com/res/image/data/vRSce5lC-GvK8wiCN.png,67
INDIVIDUAL,#FBE523,100,INTERCEPTIONS,Canada,FIFA WORLD CUP,https://static.flashscore.com/res/image/data/0U0WjVkl-EqLGVN18.png,40.67
INDIVIDUAL,#FBE523,100,INTERCEPTIONS,Colombia,FIFA WORLD CUP,https://static.flashscore.com/res/image/data/Y70aXOTH-C6kVdO5F.png,44.5
INDIVIDUAL,#FBE523,100,INTERCEPTIONS,Ecuador,FIFA WORLD CUP,https://static.flashscore.com/res/image/data/nun1o8jC-IPF97VQ3.png,43
INDIVIDUAL,#FBE523,100,INTERCEPTIONS,Egypt,FIFA WORLD CUP,https://static.flashscore.com/res/image/data/SKagcEU0-tY1cOGyQ.png,46.67
INDIVIDUAL,#FBE523,100,INTERCEPTIONS,Panama,FIFA WORLD CUP,https://static.flashscore.com/res/image/data/WYjftaA6-6yXdouA1.png,44.5
INDIVIDUAL,#FBE523,100,INTERCEPTIONS,Senegal,FIFA WORLD CUP,https://static.flashscore.com/res/image/data/xORbTVT0-lQcLqf4g.png,46.33
INDIVIDUAL,#FBE523,100,INTERCEPTIONS,Turkey,FIFA WORLD CUP,https://static.flashscore.com/res/image/data/OIr3e18k-Cfuwb3yH.png,41
INDIVIDUAL,#FBE523,100,INTERCEPTIONS,United States,FIFA WORLD CUP,https://static.flashscore.com/res/image/data/xfxMId8k-MPdHoKT3.png,58.33
INDIVIDUAL,#FBE523,100,INTERCEPTIONS,Uruguay,FIFA WORLD CUP,https://static.flashscore.com/res/image/data/pvtmslhT-WdZ4jMrq.png,52.33
INDIVIDUAL,#FBE523,100,"TACKLES SUCCESSFUL, %",Algeria,FIFA WORLD CUP,https://static.flashscore.com/res/image/data/A9ccQtU0-YFbDUeTh.png,66.04
INDIVIDUAL,#FBE523,100,"TACKLES SUCCESSFUL, %",Belgium,FIFA WORLD CUP,https://static.flashscore.com/res/image/data/AqUnTDAN-dtrVaP64.png,61.4
INDIVIDUAL,#FBE523,100,"TACKLES SUCCESSFUL, %",Cabo Verde,FIFA WORLD CUP,https://static.flashscore.com/res/image/data/vRSce5lC-GvK8wiCN.png,63.29
INDIVIDUAL,#FBE523,100,"TACKLES SUCCESSFUL, %",Canada,FIFA WORLD CUP,https://static.flashscore.com/res/image/data/0U0WjVkl-EqLGVN18.png,87.3
INDIVIDUAL,#FBE523,100,"TACKLES SUCCESSFUL, %",Colombia,FIFA WORLD CUP,https://static.flashscore.com/res/image/data/Y70aXOTH-C6kVdO5F.png,56.10000000000001
INDIVIDUAL,#FBE523,100,"TACKLES SUCCESSFUL, %",Ecuador,FIFA WORLD CUP,https://static.flashscore.com/res/image/data/nun1o8jC-IPF97VQ3.png,58.56
INDIVIDUAL,#FBE523,100,"TACKLES SUCCESSFUL, %",Egypt,FIFA WORLD CUP,https://static.flashscore.com/res/image/data/SKagcEU0-tY1cOGyQ.png,62.24000000000001
INDIVIDUAL,#FBE523,100,"TACKLES SUCCESSFUL, %",Panama,FIFA WORLD CUP,https://static.flashscore.com/res/image/data/WYjftaA6-6yXdouA1.png,53.09
INDIVIDUAL,#FBE523,100,"TACKLES SUCCESSFUL, %",Senegal,FIFA WORLD CUP,https://static.flashscore.com/res/image/data/xORbTVT0-lQcLqf4g.png,58.9
INDIVIDUAL,#FBE523,100,"TACKLES SUCCESSFUL, %",Turkey,FIFA WORLD CUP,https://static.flashscore.com/res/image/data/OIr3e18k-Cfuwb3yH.png,55.78999999999999
INDIVIDUAL,#FBE523,100,"TACKLES SUCCESSFUL, %",United States,FIFA WORLD CUP,https://static.flashscore.com/res/image/data/xfxMId8k-MPdHoKT3.png,48.89
INDIVIDUAL,#FBE523,100,"TACKLES SUCCESSFUL, %",Uruguay,FIFA WORLD CUP,https://static.flashscore.com/res/image/data/pvtmslhT-WdZ4jMrq.png,52.44
INDIVIDUAL,#FBE523,1500,TOTAL ACTIONS,Algeria,FIFA WORLD CUP,https://static.flashscore.com/res/image/data/A9ccQtU0-YFbDUeTh.png,938
INDIVIDUAL,#FBE523,1500,TOTAL ACTIONS,Belgium,FIFA WORLD CUP,https://static.flashscore.com/res/image/data/AqUnTDAN-dtrVaP64.png,878.33
INDIVIDUAL,#FBE523,1500,TOTAL ACTIONS,Cabo Verde,FIFA WORLD CUP,https://static.flashscore.com/res/image/data/vRSce5lC-GvK8wiCN.png,690
INDIVIDUAL,#FBE523,1500,TOTAL ACTIONS,Canada,FIFA WORLD CUP,https://static.flashscore.com/res/image/data/0U0WjVkl-EqLGVN18.png,807
INDIVIDUAL,#FBE523,1500,TOTAL ACTIONS,Colombia,FIFA WORLD CUP,https://static.flashscore.com/res/image/data/Y70aXOTH-C6kVdO5F.png,815.5
INDIVIDUAL,#FBE523,1500,TOTAL ACTIONS,Ecuador,FIFA WORLD CUP,https://static.flashscore.com/res/image/data/nun1o8jC-IPF97VQ3.png,846.67
INDIVIDUAL,#FBE523,1500,TOTAL ACTIONS,Egypt,FIFA WORLD CUP,https://static.flashscore.com/res/image/data/SKagcEU0-tY1cOGyQ.png,822
INDIVIDUAL,#FBE523,1500,TOTAL ACTIONS,Panama,FIFA WORLD CUP,https://static.flashscore.com/res/image/data/WYjftaA6-6yXdouA1.png,804
INDIVIDUAL,#FBE523,1500,TOTAL ACTIONS,Senegal,FIFA WORLD CUP,https://static.flashscore.com/res/image/data/xORbTVT0-lQcLqf4g.png,841
INDIVIDUAL,#FBE523,1500,TOTAL ACTIONS,Turkey,FIFA WORLD CUP,https://static.flashscore.com/res/image/data/OIr3e18k-Cfuwb3yH.png,1014
INDIVIDUAL,#FBE523,1500,TOTAL ACTIONS,United States,FIFA WORLD CUP,https://static.flashscore.com/res/image/data/xfxMId8k-MPdHoKT3.png,911.67
INDIVIDUAL,#FBE523,1500,TOTAL ACTIONS,Uruguay,FIFA WORLD CUP,https://static.flashscore.com/res/image/data/pvtmslhT-WdZ4jMrq.png,834.67
